floor,location,brand,name,category,price,display,description,designer,size,material,color,origin,image,url,more_image,note,product_code,product_no,matched_name,matched_brand,match_status,match_method,match_score,dp_price,discount_rate,sale_status,favorite,showroom_images,showroom_caption
3F,3F,MUUTO,Outline Sofa - Black,Sofa,12459000,전시중,"Designer : Anderssen & Voll
Material : Refine Leather Black/Polished Aluminum Base
Size : W220 x D840 x H710cm
Made in India",Anderssen & Voll,W220 x D840 x H710cm,Refine Leather Black/Polished Aluminum Base,,India,https://inscale.co.kr/web/product/big/202609/5c5a78e3d25c818ed883a14829769f6f.jpg,https://inscale.co.kr/product/search.html?keyword=P0000BKP,,,P0000BKP,,Outline Sofa - Black,MUUTO,source_export,product_code,1,,,,,,
B1,B1,MUUTO,Outline Sofa - Cognac,Sofa,12459000,전시중,"Designer : Anderssen & Voll
Material : Refine Leather Cognac/Polished Aluminum Base
Size : W220 x D840 x H710cm
Made in India",Anderssen & Voll,W220 x D840 x H710cm,Refine Leather Cognac/Polished Aluminum Base,,India,https://inscale.co.kr/web/product/big/202609/6120a65ef28dcfe59063b33e6c81afbf.jpg,https://inscale.co.kr/product/search.html?keyword=P0000BKO,,,P0000BKO,,Outline Sofa - Cognac,MUUTO,source_export,product_code,1,,,,,,
B1,B1,MUUTO,Relevo Rug - Off White,Rug,4189000,전시중,"Designer : Studiopepe
Material : Off White 100% New Zealand wool, hand-tufted in India
Size : W300 x D200cm
Made in India",Studiopepe,W300 x D200cm,"Off White 100% New Zealand wool, hand-tufted in India",,India,https://inscale.co.kr/web/product/big/202609/f61e722e239b179f3f41cd6f81ba00ec.jpg,https://inscale.co.kr/product/search.html?keyword=P0000BKN,,,P0000BKN,,Relevo Rug - Off White,MUUTO,source_export,product_code,1,,,,,,
B1,B1,VITRA,Visiona Stool - Asator,Stool & Bench,1290000,전시중,"Designer : Verner Panton 
Material : Upholstery: polyurethane foam with polystyrene core and polyester filling. 
Base : MDF board with felt glides. 
Cover colour : Kvadrat/Raf Simons Asator 0454 
Size : Ø420 
Made in Germany",Verner Panton,Ø420,Upholstery: polyurethane foam with polystyrene core and polyester filling.,Kvadrat/Raf Simons Asator 0454,Germany,https://inscale.co.kr/web/product/big/202609/f8887037615f340e034dd3d263498a3a.jpg,https://inscale.co.kr/product/search.html?keyword=P0000BKM,,,P0000BKM,,Visiona Stool - Asator,VITRA,source_export,product_code,1,,,,,,
B1,B1,VITRA,Amoebe - Argo2,Product,13410000,전시중,"Designer : Verner Panton 
Material : Laminated back frame, Polyurethane Foam 
Cover colour : Kvadrat/Raf Simons Argo2 
Size : 820 x 860 x 650 mm 
Made in Germany",Verner Panton,820 x 860 x 650 mm,"Laminated back frame, Polyurethane Foam",Kvadrat/Raf Simons Argo2,Germany,https://inscale.co.kr/web/product/big/202609/2a3661e0be65f85f52b06ef46245fdff.jpg,https://inscale.co.kr/product/search.html?keyword=P0000BKL,,,P0000BKL,,Amoebe - Argo2,VITRA,source_export,product_code,1,,,,,,
B1,B1,ARTEK,E60 Stool Walnut Stained,Stool & Bench,640000,전시중,"Designer : Alvar Aalto 
Material : Birch
Color : Walnut Stained
Size : W38 x H44 cm
Made in Finland",Alvar Aalto,W38 x H44 cm,Birch,Walnut Stained,Finland,https://inscale.co.kr/web/product/big/202609/7786ee0d46c9196a542335b9e97f1c27.jpg,https://inscale.co.kr/product/search.html?keyword=P0000BKK,,,P0000BKK,,E60 Stool Walnut Stained,ARTEK,source_export,product_code,1,,,,,,
3F,3F,POLTRONA FRAU,MICKEY′S  Ribbon Stool,Stool & Bench,1300000,전시중,"Designer : Nendo - Oki Sato 
Base : Metal laser-cut plate, folded up matt lacquered
Size : Ø42*H78/99
Made in Italy",Nendo - Oki Sato,Ø42*H78/99,"Metal laser-cut plate, folded up matt lacquered",,Italy,https://inscale.co.kr/web/product/big/202609/c4ad14fcf8d6d3c22248d1262047485b.jpg,https://inscale.co.kr/product/search.html?keyword=P0000BKJ,,,P0000BKJ,,MICKEY′S  Ribbon Stool,POLTRONA FRAU,source_export,product_code,1,,,,,,
4F,4F,POLTRONA FRAU,Isidoro Drinks Cabinet,Cabinet & Storage,35550000,전시중,"Designer : Jean Marie Massaud 
Upholstery : Leather Cat. SC 32 Caolino
Size : W710*D510*H1170
Made in Italy",Jean Marie Massaud,W710*D510*H1170,Leather Cat. SC 32 Caolino,Leather Cat. SC 32 Caolino,Italy,https://inscale.co.kr/web/product/big/202609/82711b773328423debbe584a343814cc.jpg,https://inscale.co.kr/product/search.html?keyword=P0000BKI,,,P0000BKI,,Isidoro Drinks Cabinet,POLTRONA FRAU,source_export,product_code,1,,,,,,
4F,4F,ARTEMIDE,[재고보유] Melampo Mega Floor Bronze Ecrù,Lighting,2420000,전시중,"Designer : Adrien Gardère
Material : Aluminium, zamak, silk satin fabric and technopolymer
Color : Ecru
Size : Ø35 x Ø57 x 174~217cm
Made in Italy",Adrien Gardère,Ø35 x Ø57 x 174~217cm,"Aluminium, zamak, silk satin fabric and technopolymer",Ecru,Italy,https://inscale.co.kr/web/product/big/202606/5d3048437712c973e8f2fa6fd4ddbbd1.jpg,https://inscale.co.kr/product/search.html?keyword=P0000BKH,,,P0000BKH,,[재고보유] Melampo Mega Floor Bronze Ecrù,ARTEMIDE,source_export,product_code,1,,,,,,
4F,4F,POLTRONA FRAU,Archibald Arm Chair Fresco Blue,Chair,11430000,전시중,"Designer : Jean Marie Massaud 
Upholstery : Leather Cat. SC 274 Fresco blue
Base : Gunmetal Grey
Size : W830*D800*H750*SH410
Made in Italy",Jean Marie Massaud,W830*D800*H750*SH410,Leather Cat. SC 274 Fresco blue / Gunmetal Grey,Leather Cat. SC 274 Fresco blue,Italy,https://inscale.co.kr/web/product/big/202609/aba088b408b93a3256b2ef721bdc8140.jpg,https://inscale.co.kr/product/search.html?keyword=P0000BKG,,,P0000BKG,,Archibald Arm Chair Fresco Blue,POLTRONA FRAU,source_export,product_code,1,,,,,,
4F,4F,POLTRONA FRAU,Bob Coffee Table Walnut Ø450,Table,3570000,전시중,"Designer : Roberto Lazzeroni 
Top : Canaletto Walnut
Base : Stained Burnished
Size : Ø450*H520
Made in Italy",Roberto Lazzeroni,Ø450*H520,Stained Burnished / Canaletto Walnut,,Italy,https://inscale.co.kr/web/product/big/202606/2a8e217c208ce0650cf24bd368be7d01.jpg,https://inscale.co.kr/product/search.html?keyword=P0000BKF,,,P0000BKF,,Bob Coffee Table Walnut Ø450,POLTRONA FRAU,source_export,product_code,1,,,,,,
4F,4F,POLTRONA FRAU,Bob Coffee Table Selva,Table,3240000,전시중,"Designer : Roberto Lazzeroni 
Top : Leather SC 187 Selva
Base : Gunmetal Grey
Size : Ø450*H520
Made in Italy",Roberto Lazzeroni,Ø450*H520,Gunmetal Grey / Leather SC 187 Selva,,Italy,https://inscale.co.kr/web/product/big/202609/3e25b945d9de2fdf228545cfde274c81.jpg,https://inscale.co.kr/product/search.html?keyword=P0000BKE,,,P0000BKE,,Bob Coffee Table Selva,POLTRONA FRAU,source_export,product_code,1,,,,,,
1F,1F,VITRA,Panton Chair Classic Gold - Limited Edition 2026,Chair,6480000,전시중,"Designer : Verner Panton 
Color : Gold(Limited Edition 2026) 
Finish : Glossy lacquer finish 
Material : Polyurethane 
Size : W500 x D610 x H415 - 860 
Made in Germany",Verner Panton,W500 x D610 x H415 - 860,Polyurethane,Gold(Limited Edition 2026),Germany,https://inscale.co.kr/web/product/big/202609/7c515d17b3309fc9c22d20fe2c05eb64.jpg,https://inscale.co.kr/product/search.html?keyword=P0000BIS,,,P0000BIS,,Panton Chair Classic Gold - Limited Edition 2026,VITRA,source_export,product_code,1,,,,,,
B1,B1,VITRA,Panton Cubes Flamingo - Duo Tone,Product,567000,전시중,"Designer : Verner Panton 
Material : Recycled ABS plastic (Post-Industrial) 
Color : Chrome
Size : 180 x 600 x 600cm
Made in Germany",Verner Panton,180 x 600 x 600cm,Recycled ABS plastic (Post-Industrial),Chrome,Germany,https://inscale.co.kr/web/product/big/202609/ec89162b5a3ff6935c76bcb85e3348a7.jpg,https://inscale.co.kr/product/search.html?keyword=P0000BIR,,,P0000BIR,,Panton Cubes Flamingo - Duo Tone,VITRA,source_export,product_code,1,,,,,,
B1,B1,VITRA,Panton Cubes Cat- Duo Tone,Product,777000,전시중,"Designer : Verner Panton 
Material : Recycled ABS plastic (Post-Industrial) 
Color : Chrome
Size : 180 x 540 x 600cm
Made in Germany",Verner Panton,180 x 540 x 600cm,Recycled ABS plastic (Post-Industrial),Chrome,Germany,https://inscale.co.kr/web/product/big/202609/dee7f42da2c4b554bae42d916cad9e04.jpg,https://inscale.co.kr/product/search.html?keyword=P0000BIQ,,,P0000BIQ,,Panton Cubes Cat- Duo Tone,VITRA,source_export,product_code,1,,,,,,
1F,1F,VITRA,Panton Cubes Duck - Duo Tone,Product,382000,전시중,"Designer : Verner Panton 
Material : Recycled ABS plastic (Post-Industrial) 
Color : Chrome
Size : 180 x 480 x 420cm
Made in Germany",Verner Panton,180 x 480 x 420cm,Recycled ABS plastic (Post-Industrial),Chrome,Germany,https://inscale.co.kr/web/product/big/202609/e9264b75eda422f9e2830f7a20d3e426.jpg,https://inscale.co.kr/product/search.html?keyword=P0000BIP,,,P0000BIP,,Panton Cubes Duck - Duo Tone,VITRA,source_export,product_code,1,,,,,,
B1,B1,VITRA,Panton Cubes Giraffe - Duo Tone,Product,740000,전시중,"Designer : Verner Panton 
Material : Recycled ABS plastic (Post-Industrial) 
Color : Chrome
Size : 180 x 540 x 900cm
Made in Germany",Verner Panton,180 x 540 x 900cm,Recycled ABS plastic (Post-Industrial),Chrome,Germany,https://inscale.co.kr/web/product/big/202609/45a03f5a9bb447f2eacd280dcfea5e3d.jpg,https://inscale.co.kr/product/search.html?keyword=P0000BIN,,,P0000BIN,,Panton Cubes Giraffe - Duo Tone,VITRA,source_export,product_code,1,,,,,,
B1,B1,VITRA,Panton Cubes Giraffe - Chrome,Product,937000,전시중,"Designer : Verner Panton 
Material : Recycled ABS plastic (Post-Industrial) 
Color : Chrome
Size : 180 x 540 x 900cm
Made in Germany",Verner Panton,180 x 540 x 900cm,Recycled ABS plastic (Post-Industrial),Chrome,Germany,https://inscale.co.kr/web/product/big/202609/f782876c77d29063a51c74d44aff43db.jpg,https://inscale.co.kr/product/search.html?keyword=P0000BIM,,,P0000BIM,,Panton Cubes Giraffe - Chrome,VITRA,source_export,product_code,1,,,,,,
B1,B1,VITRA,Panton Cubes Duck - Chrome,Product,493000,전시중,"Designer : Verner Panton 
Material : Recycled ABS plastic (Post-Industrial) 
Color : Chrome
Size : 180 x 480 x 420cm
Made in Germany",Verner Panton,180 x 480 x 420cm,Recycled ABS plastic (Post-Industrial),Chrome,Germany,https://inscale.co.kr/web/product/big/202609/4fee58e0556fba67e1f42921fcb81779.jpg,https://inscale.co.kr/product/search.html?keyword=P0000BIL,,,P0000BIL,,Panton Cubes Duck - Chrome,VITRA,source_export,product_code,1,,,,,,
B1,B1,VITRA,Panton Cubes Cat- Chrome,Product,974000,전시중,"Designer : Verner Panton 
Material : Recycled ABS plastic (Post-Industrial) 
Color : Chrome
Size : 180 x 540 x 600cm
Made in Germany",Verner Panton,180 x 540 x 600cm,Recycled ABS plastic (Post-Industrial),Chrome,Germany,https://inscale.co.kr/web/product/big/202609/3f1ae2a4d1f3dc4ee7704e8ea03c4508.jpg,https://inscale.co.kr/product/search.html?keyword=P0000BIK,,,P0000BIK,,Panton Cubes Cat- Chrome,VITRA,source_export,product_code,1,,,,,,
B1,B1,VITRA,Panton Cubes Flamingo - Chrome,Product,703000,전시중,"Designer : Verner Panton 
Material : Recycled ABS plastic (Post-Industrial) 
Color : Chrome
Size : 180 x 600 x 600cm
Made in Germany",Verner Panton,180 x 600 x 600cm,Recycled ABS plastic (Post-Industrial),Chrome,Germany,https://inscale.co.kr/web/product/big/202609/8f7e4648795f4384d93a640d06b6fd41.jpg,https://inscale.co.kr/product/search.html?keyword=P0000BIJ,,,P0000BIJ,,Panton Cubes Flamingo - Chrome,VITRA,source_export,product_code,1,,,,,,
B1,B1,MUUTO,Around Coffee Table Large Anthracite,Table,1410000,전시중,"Designer : Thomas Bentzen
Material : Anthracite/Ash plywood and solid ash legs in water-based lacquer
Size : ⌀72x h36cm
Made in Latvia",Thomas Bentzen,⌀72x h36cm,Anthracite/Ash plywood and solid ash legs in water-based lacquer,,Latvia,https://inscale.co.kr/web/product/big/202608/d370b8faf45c21f33464b9253b95b9af.jpg,https://inscale.co.kr/product/search.html?keyword=P0000BIH,,,P0000BIH,,Around Coffee Table Large Anthracite,MUUTO,source_export,product_code,1,,,,,,
B1,B1,MUUTO,Around Coffee Table Large Dusty green,Table,1410000,전시중,"Designer : Thomas Bentzen
Material : Dusty green/Ash plywood and solid ash legs in water-based lacquer
Size : ⌀72 x h36cm
Made in Latvia",Thomas Bentzen,⌀72 x h36cm,Dusty green/Ash plywood and solid ash legs in water-based lacquer,,Latvia,https://inscale.co.kr/web/product/big/202608/9bca05822d7b4853de95a79202515be4.jpg,https://inscale.co.kr/product/search.html?keyword=P0000BIG,,,P0000BIG,,Around Coffee Table Large Dusty green,MUUTO,source_export,product_code,1,,,,,,
B1,B1,MUUTO,Around Coffee Table Small Oak,Table,871000,전시중,"Designer : Thomas Bentzen
Material : Oak/Oak plywood and Solid oak legs
Size : ⌀45 x h46cm
Made in Latvia",Thomas Bentzen,⌀45 x h46cm,Oak/Oak plywood and Solid oak legs,,Latvia,https://inscale.co.kr/web/product/big/202608/b5051a5452981c5898899b9e2eba8792.jpg,https://inscale.co.kr/product/search.html?keyword=P0000BIF,,,P0000BIF,,Around Coffee Table Small Oak,MUUTO,source_export,product_code,1,,,,,,
B1,B1,MUUTO,Around Coffee Table Small Light Blue,Table,871000,전시중,"Designer : Thomas Bentzen
Material : Light Blue/Ash plywood and solid ash legs in water-based lacquer
Size : ⌀45 x h46cm
Made in Latvia",Thomas Bentzen,⌀45 x h46cm,Light Blue/Ash plywood and solid ash legs in water-based lacquer,,Latvia,https://inscale.co.kr/web/product/big/202608/f0b253c761fc290417899f6cd5095cb1.jpg,https://inscale.co.kr/product/search.html?keyword=P0000BIE,,,P0000BIE,,Around Coffee Table Small Light Blue,MUUTO,source_export,product_code,1,,,,,,
B1,B1,MUUTO,Around Coffee Table Extra Large Oak,Table,1814000,전시중,"Designer : Thomas Bentzen
Material : Oak/Oak plywood and Solid oak legs
Size : ⌀95 x h36cm
Made in Latvia",Thomas Bentzen,⌀95 x h36cm,Oak/Oak plywood and Solid oak legs,,Latvia,https://inscale.co.kr/web/product/big/202608/928fcd0d3dd160d00e7a52f67a5fed7b.jpg,https://inscale.co.kr/product/search.html?keyword=P0000BID,,,P0000BID,,Around Coffee Table Extra Large Oak,MUUTO,source_export,product_code,1,,,,,,
B1,B1,MUUTO,Compile Shelving System Configuration 2,Cabinet & Storage,1924000,전시중,"Designer : Cecilie Manz
Material : Black Powder-coated steel
Size : W121 x D42 x H78cm
Made in Poland",Cecilie Manz,W121 x D42 x H78cm,Black Powder-coated steel,,Poland,https://inscale.co.kr/web/product/big/202608/83d8649c1be629da37ca844133ab1153.jpg,https://inscale.co.kr/product/search.html?keyword=P0000BIC,,,P0000BIC,,Compile Shelving System Configuration 2,MUUTO,source_export,product_code,1,,,,,,
B1,B1,MUUTO,Compile Shelving System Configuration 1,Cabinet & Storage,1302000,전시중,"Designer : Cecilie Manz
Material : Black Powder-coated steel
Size : W121 x D42 x H67.5cm
Made in Latvia",Cecilie Manz,W121 x D42 x H67.5cm,Black Powder-coated steel,,Latvia,https://inscale.co.kr/web/product/big/202608/076e9cddbb3ef4bc7218fe2063e51f42.jpg,https://inscale.co.kr/product/search.html?keyword=P0000BIB,,,P0000BIB,,Compile Shelving System Configuration 1,MUUTO,source_export,product_code,1,,,,,,
1F,1F,CASSINA,DUDET Minerale,Product,3660000,전시중,"Designer : Patricia Urquiola
Material : Polyurethane foam
Upholstery : Minerale - Falkland 13F178
Size : W600 x D510 x H750-460
Made in Italy",Patricia Urquiola,W600 x D510 x H750-460,Polyurethane foam,Minerale - Falkland 13F178,Italy,https://inscale.co.kr/web/product/big/202608/4ba16c8eecf411ad97422003d7a8fcab.jpg,https://inscale.co.kr/product/search.html?keyword=P0000BIA,,,P0000BIA,,DUDET Minerale,CASSINA,source_export,product_code,1,,,,,,
B1,B1,MUUTO,Midst Table Dark Red Linoleum,Table,6324000,전시중,"Designer : TAF Studio
Material : Dark Red Linoleum, Spun steel with a high gloss finish
Size : 120 x H73cm
Made in Latvia",TAF Studio,120 x H73cm,"Dark Red Linoleum, Spun steel with a high gloss finish",,Latvia,https://inscale.co.kr/web/product/big/202608/648a72e3151073f88e0b37f6ec22ad8b.jpg,https://inscale.co.kr/product/search.html?keyword=P0000BHY,,,P0000BHY,,Midst Table Dark Red Linoleum,MUUTO,source_export,product_code,1,,,,,,
B1,B1,KNOLL,CH20 Elbow Chair,Chair,2300000,전시중,"Designer : Hans J. Wegner
Material : Oak oil, Thor 307
Size : W54 x D47 x SH73 x SH46
Made in Italy",Hans J. Wegner,W54 x D47 x SH73 x SH46,"Oak oil, Thor 307",,Italy,https://inscale.co.kr/web/product/big/202608/b80b1771f7bcba9bad1d26aa63de3618.jpg,https://inscale.co.kr/product/search.html?keyword=P0000BHX,,,P0000BHX,,CH20 Elbow Chair,KNOLL,source_export,product_code,1,,,,,,
3F,3F,KNOLL,Platner Arm Chair Knoll Velvet,Chair,7920000,전시중,"Designer : Warren Platner
Material : Steel Wire
Color : Knoll Velvet
Size : W730 x D580 x H760 x SH500
Made in Italy",Warren Platner,W730 x D580 x H760 x SH500,Steel Wire,Knoll Velvet,Italy,https://inscale.co.kr/web/product/big/202608/8ac2eccefe867695cde8bca5eb825354.jpg,https://inscale.co.kr/product/search.html?keyword=P0000BHU,,,P0000BHU,,Platner Arm Chair Knoll Velvet,KNOLL,source_export,product_code,1,,,,,,
2F,2F,CASSINA,7 Fauteuil tournant Black Enamel,Product,6430000,전시중,"Designer : Charlotte Perriand
Upholstery : Leather Cat.Y
Frame : Black enamel
Size : W600 x D580 x H500 - 730
Made in Italy",Charlotte Perriand,W600 x D580 x H500 - 730,Leather Cat.Y / Black enamel,Leather Cat.Y,Italy,https://inscale.co.kr/web/product/big/202608/cdb85c55ab4284c18f64188f40eae101.jpg,https://inscale.co.kr/product/search.html?keyword=P0000BHT,,,P0000BHT,,7 Fauteuil tournant Black Enamel,CASSINA,source_export,product_code,1,,,,,,
2F,2F,ARTEMIDE,[Order] Onfale Piccolo,Product,850000,전시중,"Designer : Luciano Vistosi
Material : Blown Glass
Color : White
Size : Ø200 x H260
Made in Italy",Luciano Vistosi,Ø200 x H260,Blown Glass,White,Italy,https://inscale.co.kr/web/product/big/202608/a9bccd660880616a112007a78b7aed81.jpg,https://inscale.co.kr/product/search.html?keyword=P0000BHS,,,P0000BHS,,[Order] Onfale Piccolo,ARTEMIDE,source_export,product_code,1,,,,,,
2F,2F,CASSINA,944 Soriana - Armchair Ortigia(Velvet),Chair,11760000,전시중,"Designer : Tobia Scarpa
Material : Recycled Pet Padded
Upholstery : Fabric Cat. O-Indigo (Ortigia 13L659)
Frame : Metal stained glossy China Red
Size : W950 x D1050 x H420 - 710
Made in Italy",Tobia Scarpa,W950 x D1050 x H420 - 710,Recycled Pet Padded,Fabric Cat. O-Indigo (Ortigia 13L659),Italy,https://inscale.co.kr/web/product/big/202608/7cd9850d7f9cbe25cb4e752d8925e53a.jpg,https://inscale.co.kr/product/search.html?keyword=P0000BHP,,,P0000BHP,,944 Soriana - Armchair Ortigia(Velvet),CASSINA,source_export,product_code,1,,,,,,
3F,3F,KNOLL,TULIP Armless Chair,Chair,"3810000
3780000",전시중,"Designer : Eero Saarinen 
Seat shell : Molded fiberglass
Base : Heavy molded cast aluminum, Powder coat paint
Color : White / Fabric Cat S. EVA Rose
Size : W490 x D530 x H490 - 810
Made in Italy

[VARIANTS]
1. P0000BHN / White / Fabric Cat S. EVA Rose / W490 x D530 x H490 - 810 / 3810000
2. P00000JB / White / Fabric Cat C. Tonus 440T Medium Yellow / W490 x D530 x H490 - 810 / 3780000
3. P00000IY / White / Fabric Cat C. Tonus 132T Dark Blue / W490 x D530 x H490 - 810 / 3780000",Eero Saarinen,W490 x D530 x H490 - 810,"Heavy molded cast aluminum, Powder coat paint",White / Fabric Cat S. EVA Rose / White / Fabric Cat C. Tonus 440T Medium Yellow / White / Fabric Cat C. Tonus 132T Dark Blue,Italy,https://inscale.co.kr/web/product/big/202608/234cbf04ce143c4f473023b90c110956.jpg,https://inscale.co.kr/product/search.html?keyword=P0000BHN,,3개 사양 통합 / 상품코드: P0000BHN | P00000JB | P00000IY,P0000BHN,,TULIP Armless Chair,KNOLL,consolidated_variant,brand_name_group,1,,,,,,
B1,B1,ARTEK,Aalto Table Round 80A - Olive Linoleum,Table,2030000,전시중,"Designer : Alvar Aalto
Material : Solid birch, Chipboard, Honeycomb, Birch veneer, Linoleum
Color : Natural lacquered birch, Olive linoleum 
Size : W120 x D60 x H74cm
Made in Finland",Alvar Aalto,W120 x D60 x H74cm,"Solid birch, Chipboard, Honeycomb, Birch veneer, Linoleum","Natural lacquered birch, Olive linoleum",Finland,https://inscale.co.kr/web/product/big/202608/baca74f519ebd1701020b4c6a608daa6.jpg,https://inscale.co.kr/product/search.html?keyword=P0000BHM,,,P0000BHM,,Aalto Table Round 80A - Olive Linoleum,ARTEK,source_export,product_code,1,,,,,,
B1,B1,ARTEK,Aalto Table Round 80A - Burgundy Walnut Staine,Table,2030000,전시중,"Designer : Alvar Aalto
Material : Solid birch, Chipboard, Honeycomb, Birch veneer, Linoleum
Color : Walnut stain, Burgundy linoleum 
Size : W120 x D60 x H74cm
Made in Finland",Alvar Aalto,W120 x D60 x H74cm,"Solid birch, Chipboard, Honeycomb, Birch veneer, Linoleum","Walnut stain, Burgundy linoleum",Finland,https://inscale.co.kr/web/product/big/202608/1248e5241e6361c4f94f76bae9ad0fff.jpg,https://inscale.co.kr/product/search.html?keyword=P0000BHL,,,P0000BHL,,Aalto Table Round 80A - Burgundy Walnut Staine,ARTEK,source_export,product_code,1,,,,,,
B1,B1,ARTEK,Aalto Table Round 90A - Burgundy Walnut Staine,Table,2500000,전시중,"Designer : Alvar Aalto
Material : Solid birch, Chipboard, Honeycomb, Birch veneer, Linoleum
Color : Walnut stain, Burgundy linoleum 
Size : W100 x H74 cm
Made in Finland",Alvar Aalto,W100 x H74 cm,"Solid birch, Chipboard, Honeycomb, Birch veneer, Linoleum","Walnut stain, Burgundy linoleum",Finland,https://inscale.co.kr/web/product/big/202608/0432992f668fb7f337bcdae3ee2afce2.jpg,https://inscale.co.kr/product/search.html?keyword=P0000BHK,,,P0000BHK,,Aalto Table Round 90A - Burgundy Walnut Staine,ARTEK,source_export,product_code,1,,,,,,
B1,B1,ARTEK,Aalto Table Round 90A - Olive Linoleum,Table,2450000,전시중,"Designer : Alvar Aalto
Material : Solid birch, Chipboard, Honeycomb, Birch veneer, Linoleum
Color : Natural lacquered birch, Olive linoleum 
Size : W100 x H74 cm
Made in Finland",Alvar Aalto,W100 x H74 cm,"Solid birch, Chipboard, Honeycomb, Birch veneer, Linoleum","Natural lacquered birch, Olive linoleum",Finland,https://inscale.co.kr/web/product/big/202608/31159c554ba51db2afb782d1d7d545a9.jpg,https://inscale.co.kr/product/search.html?keyword=P0000BHJ,,,P0000BHJ,,Aalto Table Round 90A - Olive Linoleum,ARTEK,source_export,product_code,1,,,,,,
B1,B1,VITRA,Panton Chair Junior Pale Rose,Chair,370000,전시중,"Designer : Verner Panton
Color : Pale Rose 
Finish : Matt finish 
Material : Polypropylene 
Size : W 37.6 X D 44.6 X H 62.8 cm 
Made in Italy",Verner Panton,W 37.6 X D 44.6 X H 62.8 cm,Polypropylene,Pale Rose,Italy,https://inscale.co.kr/web/product/big/202608/b591967eb6cae0e785d95577798ed08a.jpg,https://inscale.co.kr/product/search.html?keyword=P0000BHH,,,P0000BHH,,Panton Chair Junior Pale Rose,VITRA,source_export,product_code,1,,,,,,
2F,2F,CASSINA,Ventaglio Table Black,Table,22690000,전시중,"Designer : Charlotte Perriand
Top : Plywood and MDF panel with oak veneer and solid oak edges
Legs : Solid oak
Color : Black stained oak
Size : W235 x D157 x H73(cm)
Made in Italy",Charlotte Perriand,W235 x D157 x H73(cm),Plywood and MDF panel with oak veneer and solid oak edges,Black stained oak,Italy,https://inscale.co.kr/web/product/big/202607/e62978d55fde291577ea977e92ce9846.jpg,https://inscale.co.kr/product/search.html?keyword=P0000BHE,,,P0000BHE,,Ventaglio Table Black,CASSINA,source_export,product_code,1,,,,,,
1F,1F,CASSINA,SCARPA 121 Blu - Black,Product,3260000,전시중,"Designer : Afra and Tobias Scarpa
Material : Ashwood Stained Black Saddle Leather - Blu
Top & Base : Fabric Cat. L (Luxor L023)
Size : W470 x D540 x H800mm (SH: 450)
Made in Denmark",Afra and Tobias Scarpa,W470 x D540 x H800mm (SH: 450),Ashwood Stained Black Saddle Leather - Blu,,Denmark,https://inscale.co.kr/web/product/big/202607/c236ea0ac4a36399fc36c6672383832a.jpg,https://inscale.co.kr/product/search.html?keyword=P0000BHC,,,P0000BHC,,SCARPA 121 Blu - Black,CASSINA,source_export,product_code,1,,,,,,
1F,1F,VITRA,Mobile Elements Follow Me 1 Drawers,Lighting,1570000,전시중,"Designer : Antonio Citterio 
Material : Plastic
Color : Soft Light
Size : W42 x D42 x H62cm
Made in Germany",Antonio Citterio,W42 x D42 x H62cm,Plastic,Soft Light,Germany,https://inscale.co.kr/web/product/big/202607/b4c27cf037e2fb2417f9f6eb5f60baf7.jpg,https://inscale.co.kr/product/search.html?keyword=P0000BHB,,,P0000BHB,,Mobile Elements Follow Me 1 Drawers,VITRA,source_export,product_code,1,,,,,,
1F,1F,VITRA,Mobile Elements Follow Me 2 Drawers,Lighting,2040000,전시중,"Designer : Antonio Citterio 
Material : Plastic
Color : Soft Light
Size : W42 x D42 x H87.5cm
Made in Germany",Antonio Citterio,W42 x D42 x H87.5cm,Plastic,Soft Light,Germany,https://inscale.co.kr/web/product/big/202607/797a48fef17cbe508362fe6dddf1812f.jpg,https://inscale.co.kr/product/search.html?keyword=P0000BHA,,,P0000BHA,,Mobile Elements Follow Me 2 Drawers,VITRA,source_export,product_code,1,,,,,,
3F,3F,KNOLL,Laccio Side Table Laminate,Table,2800000,전시중,"Designer : Marcel Breuer
Material : Laminate
Color : Matte
Size : W550 x D480 x H450
Made in Italy",Marcel Breuer,W550 x D480 x H450,Laminate,Matte,Italy,https://inscale.co.kr/web/product/big/202608/3a9a5ecc17e9be062309bf03d80fe661.jpg,https://inscale.co.kr/product/search.html?keyword=P0000BGY,,,P0000BGY,,Laccio Side Table Laminate,KNOLL,source_export,product_code,1,,,,,,
2F,2F,CASSINA,[60th Limited Edition] LC2 Blu,Product,13620000,전시중,"Designer : Le Corbusier, Pierre Jeanneret, Charlotte Perriand
Material : Polyester Padding
Upholstery : Blue, Lirico Fabric 
Frame : Taupe Painted Enamel
Size : W760 x D700 x H480 - 670
Made in Italy","Le Corbusier, Pierre Jeanneret, Charlotte Perriand",W760 x D700 x H480 - 670,Polyester Padding,"Blue, Lirico Fabric",Italy,https://inscale.co.kr/web/product/big/202606/fe474a0ab7bfb434c5fe921feee745fa.jpg,https://inscale.co.kr/product/search.html?keyword=P0000BGX,,,P0000BGX,,[60th Limited Edition] LC2 Blu,CASSINA,source_export,product_code,1,,,,,,
3F,3F,KNOLL,Bertoia Chair,Chair,2620000,전시중,"Designer : Harry Bertoia
Seat Pad : Hallingdal 407H White-Yellow
Frame : Polished Chrome
Size : W540 x D580 x H730 - 460 
Made in Italy",Harry Bertoia,W540 x D580 x H730 - 460,Polished Chrome,,Italy,https://inscale.co.kr/web/product/big/202606/1e570aa86503b3fdf07716ce614f61e8.jpg,https://inscale.co.kr/product/search.html?keyword=P0000BGT,,,P0000BGT,,Bertoia Chair,KNOLL,source_export,product_code,1,,,,,,
3F,3F,KNOLL,Laccio Side Table Statuarietto,Table,2910000,전시중,"Designer : Marcel Breuer
Material : Polished chrome
Color : Marble Statuarietto
Size : W550 x D480 x H450
Made in Italy",Marcel Breuer,W550 x D480 x H450,Polished chrome,Marble Statuarietto,Italy,https://inscale.co.kr/web/product/big/202606/ad3674d4ee0d225aa9f770f8bdb372f9.jpg,https://inscale.co.kr/product/search.html?keyword=P0000BGR,,,P0000BGR,,Laccio Side Table Statuarietto,KNOLL,source_export,product_code,1,,,,,,
3F,3F,FLOS,Mayfair Mini 5495 Terra Dark,Product,740000,전시중,"Designer : Diego Fortunato
Material : Polycarbonate, Steel, Methacrylate
Color : Terra Red
Size : Ø200 x 120 x H380
Made in Spain",Diego Fortunato,Ø200 x 120 x H380,"Polycarbonate, Steel, Methacrylate",Terra Red,Spain,https://inscale.co.kr/web/product/big/202606/c25bc7c63c513a19858c1e4d11724d04.jpg,https://inscale.co.kr/product/search.html?keyword=P0000BGQ,,,P0000BGQ,,Mayfair Mini 5495 Terra Dark,FLOS,source_export,product_code,1,,,,,,
3F,3F,FLOS,IC Lights Table T1 High Brass,Table,1014000,전시중,"Designer : Michael Anastassiades
Material : Steel, Brass, Blown glass
Color : Brass
Size : H580mm x Ø200mm
Made in Italy
*전구 미포함",Michael Anastassiades,H580mm x Ø200mm,"Steel, Brass, Blown glass",Brass,Italy,https://inscale.co.kr/web/product/big/202606/6b2746d7c2916c364383a8e6af497660.jpg,https://inscale.co.kr/product/search.html?keyword=P0000BGP,,,P0000BGP,,IC Lights Table T1 High Brass,FLOS,source_export,product_code,1,,,,,,
3F,3F,FLOS,IC Lights Table 2 Brass,Table,1226000,전시중,"Designer : Michael Anastassiades
Material : Steel, Brass, Blown glass
Color : Brass
Size : H 350mm x Ø300mm
Made in Italy
*전구 미포함",Michael Anastassiades,H 350mm x Ø300mm,"Steel, Brass, Blown glass",Brass,Italy,https://inscale.co.kr/web/product/big/202606/2b59c9a871d9b6d189a64e31a5e0ba98.jpg,https://inscale.co.kr/product/search.html?keyword=P0000BGO,,,P0000BGO,,IC Lights Table 2 Brass,FLOS,source_export,product_code,1,,,,,,
3F,3F,FLOS,IC Lights  Suspension 2 Brass,Lighting,1205000,전시중,"Designer : Michael Anastassiades
Material : Steel, Brass, Blown glass
Color : Brass
Size : H702mm x Ø300mm
Made in Italy
*전구 미포함",Michael Anastassiades,H702mm x Ø300mm,"Steel, Brass, Blown glass",Brass,Italy,https://inscale.co.kr/web/product/big/202606/193bb40b7b4d246a1ec053dc94afe387.jpg,https://inscale.co.kr/product/search.html?keyword=P0000BGN,,,P0000BGN,,IC Lights  Suspension 2 Brass,FLOS,source_export,product_code,1,,,,,,
3F,3F,FLOS,IC Lights  Suspension 1 Brass,Lighting,918000,전시중,"Designer : Michael Anastassiades
Material : Steel, Brass, Blown glass
Color : Brass
Size : H470mm x Ø240mm
Made in Italy
*전구 미포함",Michael Anastassiades,H470mm x Ø240mm,"Steel, Brass, Blown glass",Brass,Italy,https://inscale.co.kr/web/product/big/202606/1e6d6b21febd135932656ca1dda92008.jpg,https://inscale.co.kr/product/search.html?keyword=P0000BGM,,,P0000BGM,,IC Lights  Suspension 1 Brass,FLOS,source_export,product_code,1,,,,,,
4F,4F,POLTRONA FRAU,Bob Coffee Table Walnut Ø600,Table,4020000,전시중,"Designer : Roberto Lazzeroni 
Top : Canaletto Walnut
Base : Gunmetal finish
Size : Ø600*H430
Made in Italy",Roberto Lazzeroni,Ø600*H430,Gunmetal finish / Canaletto Walnut,,Italy,https://inscale.co.kr/web/product/big/202609/46f00740f5301513392f7d659f129a58.jpg,https://inscale.co.kr/product/search.html?keyword=P0000BGL,,,P0000BGL,,Bob Coffee Table Walnut Ø600,POLTRONA FRAU,source_export,product_code,1,,,,,,
1F,1F,CASSINA,Soft Corners Side Table,Table,5570000,전시중,"Designer : Linde Freya Tangelder
Material : textured cast iron painted
Size : W410 x D490 x H470
Made in Italy",Linde Freya Tangelder,W410 x D490 x H470,textured cast iron painted,,Italy,https://inscale.co.kr/web/product/big/202606/ef6c53cf05f81adde0dc0e1fb77e8c10.jpg,https://inscale.co.kr/product/search.html?keyword=P0000BGK,,,P0000BGK,,Soft Corners Side Table,CASSINA,source_export,product_code,1,,,,,,
1F,1F,CASSINA,Dudet Arm Chair VINACCIA MELANGE,Chair,7250000,전시중,"Designer : Patricia Urquiola
Material : Polyurethane foam
Upholstery : Look Bold 13L462 VINACCIA MELANGE
Size : W780 x D670 x H420-720
Made in Italy",Patricia Urquiola,W780 x D670 x H420-720,Polyurethane foam,Look Bold 13L462 VINACCIA MELANGE,Italy,https://inscale.co.kr/web/product/big/202606/c8b7f30115394c7094658f5d12a1039a.png,https://inscale.co.kr/product/search.html?keyword=P0000BGJ,,,P0000BGJ,,Dudet Arm Chair VINACCIA MELANGE,CASSINA,source_export,product_code,1,,,,,,
2F,2F,CASSINA,LC14 -  Tabourets Maison du Brésil,Product,1950000,전시중,"Designer : Le Corbusier
Material : Oak wood
Color : Oak
Size : W330 x D430 x H250mm
Made in Italy",Le Corbusier,W330 x D430 x H250mm,Oak wood,Oak,Italy,https://inscale.co.kr/web/product/big/202606/71068d9e884684fbcedbc66e5109f12b.jpg,https://inscale.co.kr/product/search.html?keyword=P0000BGI,,,P0000BGI,,LC14 -  Tabourets Maison du Brésil,CASSINA,source_export,product_code,1,,,,,,
2F,2F,CASSINA,LC14 - Tabourets Cabanon,Cabinet & Storage,2510000,전시중,"Designer : Le Corbusier
Material : Chestnut wood
Color : Chestnut
Size : W430 x D430 x H270mm
Made in Italy",Le Corbusier,W430 x D430 x H270mm,Chestnut wood,Chestnut,Italy,https://inscale.co.kr/web/product/big/202606/a68d80924ce4277f7bba0986bbcb1bc5.jpg,https://inscale.co.kr/product/search.html?keyword=P0000BGH,,,P0000BGH,,LC14 - Tabourets Cabanon,CASSINA,source_export,product_code,1,,,,,,
1F,1F,CASSINA,Ruuna Pouf Ottomann Zafferano,Stool & Bench,3540000,전시중,"Designer : Patricia Urquiola
Upholstery : Fabric L : Zafferano - Lincoln 13L574
Size : 50x42cm H47.5cm
Made in Italy",Patricia Urquiola,50x42cm H47.5cm,Fabric L : Zafferano - Lincoln 13L574,Fabric L : Zafferano - Lincoln 13L574,Italy,https://inscale.co.kr/web/product/big/202606/1aae600796885555a260d14e0bfd0ac8.jpg,https://inscale.co.kr/product/search.html?keyword=P0000BGG,,,P0000BGG,,Ruuna Pouf Ottomann Zafferano,CASSINA,source_export,product_code,1,,,,,,
4F,4F,CASSINA,Bowy Low Table Rosso amaranto,Table,4480000,전시중,"Designer : Patricia Urquiola
Top : Glossy laquered Rosso amaranto
Material : Lacquered Aluminium Sheet
Size : Ø450 x H470mm
Made in Italy",Patricia Urquiola,Ø450 x H470mm,Lacquered Aluminium Sheet,,Italy,https://inscale.co.kr/web/product/big/202606/dcc1f3cd52d4b47b6718a48789c6f75f.jpg,https://inscale.co.kr/product/search.html?keyword=P0000BGF,,,P0000BGF,,Bowy Low Table Rosso amaranto,CASSINA,source_export,product_code,1,,,,,,
1F,1F,CASSINA,Mokoro,Rug,7670000,전시중,"Designer : Cassina Studio
Color : Rug with pattern, hand-knotted in 100% wool
Color : Fleece White, base Beige
Size : 250x350
Made in Italy",Cassina Studio,250x350,,"Rug with pattern, hand-knotted in 100% wool",Italy,https://inscale.co.kr/web/product/big/202606/ec94757d256781b30f29b2ab2c0bafff.jpg,https://inscale.co.kr/product/search.html?keyword=P0000BGE,,,P0000BGE,,Mokoro,CASSINA,source_export,product_code,1,,,,,,
2F,2F,CASSINA,Triangle stool,Stool & Bench,2140000,전시중,"Designer : Formafantasma
Material : Natural Ashwood
Size : W35 × D35 × H42cm
Made in Italy",Formafantasma,W35 × D35 × H42cm,Natural Ashwood,,Italy,https://inscale.co.kr/web/product/big/202606/4ccd251c0ed1ba490eeee163daf11c54.jpg,https://inscale.co.kr/product/search.html?keyword=P0000BGB,,,P0000BGB,,Triangle stool,CASSINA,source_export,product_code,1,,,,,,
4F,4F,ARTEMIDE,Melampo Night Bronze Ecru,Lighting,550000,전시중,"Designer : Michele De Lucchi & Giancarlo Fassina
Material : Aluminium, zamak, silk satin fabric and technopolymer
Color : Bronze Ecru
Size : W23-29 x H40-42.5
Made in Italy",Michele De Lucchi & Giancarlo Fassina,W23-29 x H40-42.5,"Aluminium, zamak, silk satin fabric and technopolymer",Bronze Ecru,Italy,https://inscale.co.kr/web/product/big/202606/a283920d8b617ad66f6e132a6a435d54.jpg,https://inscale.co.kr/product/search.html?keyword=P0000BGA,,,P0000BGA,,Melampo Night Bronze Ecru,ARTEMIDE,source_export,product_code,1,,,,,,
1F,1F,CASSINA,Console Doron Cream,Table,7670000,전시중,"Designer : Ron Gilad
Model : Console, left leg
Structure-frame : Glossy lacquer Cream
Size : W166 x H77
Made in Italy",Ron Gilad,W166 x H77,,,Italy,https://inscale.co.kr/web/product/big/202606/440140f406770c7158f6271ce4f821f0.jpg,https://inscale.co.kr/product/search.html?keyword=P0000BFZ,,,P0000BFZ,,Console Doron Cream,CASSINA,source_export,product_code,1,,,,,,
1F,1F,CASSINA,FF.SPINE  WALL-MOUNTED,Product,26630000,전시중,"Designer : Formafantasma
Material : Natural Ashwood
Size : W2920 X D320 X H2050
Made in Italy",Formafantasma,W2920 X D320 X H2050,Natural Ashwood,,Italy,https://inscale.co.kr/web/product/big/202606/b3f73f6a606bdb97aff14ec5b096f9d2.jpg,https://inscale.co.kr/product/search.html?keyword=P0000BFX,,,P0000BFX,,FF.SPINE  WALL-MOUNTED,CASSINA,source_export,product_code,1,,,,,,
B1,B1,MONTANA,Panton wire single Pine,Product,311000,전시중,"Designer : Verner Panton 
Material : Chrome, Lacquered steel
Color : Pine
Size : W34.8 x H34.8 x D34.8cm
Made in Denmark",Verner Panton,W34.8 x H34.8 x D34.8cm,"Chrome, Lacquered steel",Pine,Denmark,https://inscale.co.kr/web/product/big/202606/6d295c3a84b3395272cf5d4865be27e6.jpg,https://inscale.co.kr/product/search.html?keyword=P0000BFW,,,P0000BFW,,Panton wire single Pine,MONTANA,source_export,product_code,1,,,,,,
B1,B1,MONTANA,Panton wire single BLack,Product,311000,전시중,"Designer : Verner Panton 
Material : Chrome, Lacquered steel
Color : BLack
Size : W34.8 x H34.8 x D34.8cm
Made in Denmark",Verner Panton,W34.8 x H34.8 x D34.8cm,"Chrome, Lacquered steel",BLack,Denmark,https://inscale.co.kr/web/product/big/202606/c558891c3c37662f74184877704eeeda.jpg,https://inscale.co.kr/product/search.html?keyword=P0000BFV,,,P0000BFV,,Panton wire single BLack,MONTANA,source_export,product_code,1,,,,,,
B1,B1,ARTEK,Riihitie aalto planter Shape B Light Grey,Lighting,148000,전시중,"Designer : Aino Aalto 
Material : Ceramic
Color : Light Grey
Size : 19 x 16 x H12cm
Made in Portugal",Aino Aalto,19 x 16 x H12cm,Ceramic,Light Grey,Portugal,https://inscale.co.kr/web/product/big/202606/0eaf66546b02a3d5d3b64ccedc541fe6.jpg,https://inscale.co.kr/product/search.html?keyword=P0000BFU,,,P0000BFU,,Riihitie aalto planter Shape B Light Grey,ARTEK,source_export,product_code,1,,,,,,
B1,B1,ARTEK,Riihitie Aalto Planter Shape A Light Grey,Lighting,148000,전시중,"Designer : Aino Aalto 
Material : Ceramic
Color : Light Grey
Size : 20.5 x 16 x H12cm
Made in Portugal",Aino Aalto,20.5 x 16 x H12cm,Ceramic,Light Grey,Portugal,https://inscale.co.kr/web/product/big/202606/e312ccf69f65c6d52df2bdd3dd23e914.jpg,https://inscale.co.kr/product/search.html?keyword=P0000BFT,,,P0000BFT,,Riihitie Aalto Planter Shape A Light Grey,ARTEK,source_export,product_code,1,,,,,,
B1,B1,VITRA,Chap Stool Deep Black RE,Stool & Bench,198000,전시중,"Designer : Konstantin Grcic 
Material : Recycled polypropylene, 100% recyclable
Color : Deep Black
Size : 430 x 430 x H455mm
Made in Germany",Konstantin Grcic,430 x 430 x H455mm,"Recycled polypropylene, 100% recyclable",Deep Black,Germany,https://inscale.co.kr/web/product/big/202606/36d547b33cdc0b10987283efa1fff0f2.jpg,https://inscale.co.kr/product/search.html?keyword=P0000BFS,,,P0000BFS,,Chap Stool Deep Black RE,VITRA,source_export,product_code,1,,,,,,
B1,B1,ARTEK,Kaari Wall Shelf Round Black-Oak,Cabinet & Storage,590000,전시중,"Designer : Ronan & Erwan Bouroullec 
Material : Solid oak, Steel 
Shelf top : Linoleum, ABS
Color : Oak&Black
Size : W35 x D35 x H30cm
Made in Poland",Ronan & Erwan Bouroullec,W35 x D35 x H30cm,"Solid oak, Steel",Oak&Black,Poland,https://inscale.co.kr/web/product/big/202606/25cf0a2504a2def02fb435fbd04a2233.jpg,https://inscale.co.kr/product/search.html?keyword=P0000BFR,,,P0000BFR,,Kaari Wall Shelf Round Black-Oak,ARTEK,source_export,product_code,1,,,,,,
B1,B1,ARTEK,Kaari Wall Console Black Linoleum-oak,Table,1360000,전시중,"Designer : Alvar Aalto
Material /Core : Solid oak, Steel 
Shelf top : Linoleum, ABS
Color : Black & Oak
Size : W100 x D45 x H34cm
Made in Finland",Alvar Aalto,W100 x D45 x H34cm,,Black & Oak,Finland,https://inscale.co.kr/web/product/big/202606/816f199840d2f2906eadc71fd303fbe5.jpg,https://inscale.co.kr/product/search.html?keyword=P0000BFQ,,,P0000BFQ,,Kaari Wall Console Black Linoleum-oak,ARTEK,source_export,product_code,1,,,,,,
B1,B1,VITRA,.04 Office Chair Dark Green,Chair,2130000,전시중,"Designer : Maarten Van Severen
Backrest and seat : Polyurethane
Base : Aluminium bridge, powder-coated
Size : W565*D446*H805-930
Made in Germany",Maarten Van Severen,W565*D446*H805-930,"Aluminium bridge, powder-coated",,Germany,https://inscale.co.kr/web/product/big/202606/2ff51ee4f1959ea6999561b17631c8cd.jpg,https://inscale.co.kr/product/search.html?keyword=P0000BFP,,,P0000BFP,,.04 Office Chair Dark Green,VITRA,source_export,product_code,1,,,,,,
B1,B1,VITRA,Asterisk Clock Brass,Living Acc,678000,전시중,"Designer : George Nelson 
Material : Various types of wood and metal 
Color : Brass
Size : Ø250
Made in Germany",George Nelson,Ø250,Various types of wood and metal,Brass,Germany,https://inscale.co.kr/web/product/big/202606/71e90ebc68246ac2f4f9d2eb86c55135.jpg,https://inscale.co.kr/product/search.html?keyword=P0000BFN,,,P0000BFN,,Asterisk Clock Brass,VITRA,source_export,product_code,1,,,,,,
3F,3F,ARTEK,[90 years of Artek] Stool X602 Limited Edition,Stool & Bench,2830000,전시중,"Designer : Alvar Aalto 
Material : Curly Birch
Color : Honey/Honey
Size : W45 x D45 x H45
Made in Finland",Alvar Aalto,W45 x D45 x H45,Curly Birch,Honey/Honey,Finland,https://inscale.co.kr/web/product/big/202606/83c0a8d971778965b2b5bf07e4799659.jpg,https://inscale.co.kr/product/search.html?keyword=P0000BFM,,,P0000BFM,,[90 years of Artek] Stool X602 Limited Edition,ARTEK,source_export,product_code,1,,,,,,
B1,B1,NEMO,Lampe De Marseille Grey,Lighting,2000000,전시중,"Designer : Le Corbusier
Material : Aluminium, Steel
Color : Grey
Size : 50 x 80 x 166
Made in Italy",Le Corbusier,50 x 80 x 166,"Aluminium, Steel",Grey,Italy,https://inscale.co.kr/web/product/big/202606/8b73e3d87b8515d544c63b513b5216fb.jpg,https://inscale.co.kr/product/search.html?keyword=P0000BFK,,,P0000BFK,,Lampe De Marseille Grey,NEMO,source_export,product_code,1,,,,,,
B1,B1,FLOS,Gatto Piccolo,Product,900000,전시중,"Designer : Achille & Pier
Material : Cocoon resin, Steel
Size : Ø210*H310
Made in Italy",Achille & Pier,Ø210*H310,"Cocoon resin, Steel",,Italy,https://inscale.co.kr/web/product/big/202606/153659533089cda43ac4d1b9d1a8af0d.jpg,https://inscale.co.kr/product/search.html?keyword=P0000BFJ,,,P0000BFJ,,Gatto Piccolo,FLOS,source_export,product_code,1,,,,,,
B1,B1,VITRA,Wiggle Side Chair,Chair,1800000,전시중,"Designer : Frank Gehry 
Material : Corrugated cardboard, Hardboard
Color : Natural
Size : 610 x 350 x H870mm
Made in Germany",Frank Gehry,610 x 350 x H870mm,"Corrugated cardboard, Hardboard",Natural,Germany,https://inscale.co.kr/web/product/big/202606/9c1aef5b2da1f7b1e3b29e37cea3495c.jpg,https://inscale.co.kr/product/search.html?keyword=P0000BFI,,,P0000BFI,,Wiggle Side Chair,VITRA,source_export,product_code,1,,,,,,
B1,B1,VITRA,Metal Wall Relief International Love Heart,Product,703000,전시중,"Designer : Alexander Girard
Material : Powder-coated sheet metal 
Size : 600 x 485
Made in Poland",Alexander Girard,600 x 485,Powder-coated sheet metal,,Poland,https://inscale.co.kr/web/product/big/202606/48c1e379e4b5344a0d9bca6d98e1b88e.jpg,https://inscale.co.kr/product/search.html?keyword=P0000BFH,,,P0000BFH,,Metal Wall Relief International Love Heart,VITRA,source_export,product_code,1,,,,,,
B1,B1,ARTEK,KAARI TABLE ROUND Black Linoleum-oak,Table,2570000,전시중,"Designer : Alvar Aalto
Top Surface/Core : Linoleum/ MDF
Legs : Solid Oak
Braces : Flat rolled steel
Size : W80 x D75 x H74 cm
Made in Finland",Alvar Aalto,W80 x D75 x H74 cm,,,Finland,https://inscale.co.kr/web/product/big/202606/c5b2df0172c797558e91ea90f5c54fce.jpg,https://inscale.co.kr/product/search.html?keyword=P0000BFG,,,P0000BFG,,KAARI TABLE ROUND Black Linoleum-oak,ARTEK,source_export,product_code,1,,,,,,
B1,B1,VITRA,Eames Elephant Large Black,Product,543000,전시중,"Designer : Charles & Ray Eames 
Color : Black
Material : Dyed-through polypropylene, Matt finish 
Size : 785 x 410 x H415mm
Made in Germany",Charles & Ray Eames,785 x 410 x H415mm,"Dyed-through polypropylene, Matt finish",Black,Germany,https://inscale.co.kr/web/product/big/202606/6a40cd95a0acbd1b1cc52d4834389076.jpg,https://inscale.co.kr/product/search.html?keyword=P0000BFF,,,P0000BFF,,Eames Elephant Large Black,VITRA,source_export,product_code,1,,,,,,
B1,B1,VITRA,Desk Clocks Night Brass,Table,801000,전시중,"Designer : George Nelson 
Material : Brass, Acrylic glass, Polyurethane, Solid walnut 
Color : Brass
Size : Ø108 x H148
Made in Germany",George Nelson,Ø108 x H148,"Brass, Acrylic glass, Polyurethane, Solid walnut",Brass,Germany,https://inscale.co.kr/web/product/big/202606/29a0c0a560ae27b3493160487007f96a.jpg,https://inscale.co.kr/product/search.html?keyword=P0000BFE,,,P0000BFE,,Desk Clocks Night Brass,VITRA,source_export,product_code,1,,,,,,
B1,B1,VITRA,Metal Wall Relief Little Heart Red,Product,370000,전시중,"Designer : Alexander Girard
Material : Powder-coated sheet metal 
Size : 270 x 42 x H240mm
Made in Poland",Alexander Girard,270 x 42 x H240mm,Powder-coated sheet metal,,Poland,https://inscale.co.kr/web/product/big/202606/472efac87c8ff12834a877f6dea93daa.jpg,https://inscale.co.kr/product/search.html?keyword=P0000BFD,,,P0000BFD,,Metal Wall Relief Little Heart Red,VITRA,source_export,product_code,1,,,,,,
B1,B1,ARTEK,Stool 60 Birch/White Lacquered,Stool & Bench,510000,전시중,"Designer : Alvar Aalto 
Material : Birch
Color : Birch/White Lacquered
Size : W380 x H380
Made in Finland",Alvar Aalto,W380 x H380,Birch,Birch/White Lacquered,Finland,https://inscale.co.kr/web/product/big/202608/84e134803226fc26c5a2b52316c539a4.jpg,https://inscale.co.kr/product/search.html?keyword=P0000BFC,,,P0000BFC,,Stool 60 Birch/White Lacquered,ARTEK,source_export,product_code,1,,,,,,
B1,B1,VITRA,Vitra Wooden Doll No.9 - Super Large,Product,3709000,전시중,"Design : Alexander Girard 
Product : No.9 - Super Large
Material : Solid fir, hand painted
Size : W820-825 x W275 x D185
Made in Germany",Alexander Girard,W820-825 x W275 x D185,"Solid fir, hand painted",,Germany,https://inscale.co.kr/web/product/big/202606/a14c50eafd2d70aaad7e19a3b8f44b1d.jpg,https://inscale.co.kr/product/search.html?keyword=P0000BFB,,,P0000BFB,,Vitra Wooden Doll No.9 - Super Large,VITRA,source_export,product_code,1,,,,,,
B1,B1,FLOS,Ceramique Up Moss Green,Product,1665000,전시중,"Designer : Ronan Bouroullec
Material : Ceramic, Polycarbonate
Color : Moss Green
Size : ø22 x 20.5 x H50.5cm
Made in Italy",Ronan Bouroullec,ø22 x 20.5 x H50.5cm,"Ceramic, Polycarbonate",Moss Green,Italy,https://inscale.co.kr/web/product/big/202606/ece54ec39d6e71f06ce8e21f484679ae.jpg,https://inscale.co.kr/product/search.html?keyword=P0000BFA,,,P0000BFA,,Ceramique Up Moss Green,FLOS,source_export,product_code,1,,,,,,
B1,B1,FLOS,Ceramique Down Rust Red,Product,1665000,전시중,"Designer : Ronan Bouroullec
Material : Ceramic, Polycarbonate
Color : Rust Red
Size : ø22 x 20.5 x H49cm
Made in Italy",Ronan Bouroullec,ø22 x 20.5 x H49cm,"Ceramic, Polycarbonate",Rust Red,Italy,https://inscale.co.kr/web/product/big/202606/e926eba18d632f5ae07c9885705e2505.jpg,https://inscale.co.kr/product/search.html?keyword=P0000BEZ,,,P0000BEZ,,Ceramique Down Rust Red,FLOS,source_export,product_code,1,,,,,,
2F,2F,CASSINA,Sahara - Oval,Product,13080000,전시중,"Designer : Cassina Studio
Color : Ice Grey
Material : Wool
Size : 450x300cm
Made in Italy",Cassina Studio,450x300cm,Wool,Ice Grey,Italy,https://inscale.co.kr/web/product/big/202606/3be78a38db8054562aba037fa0849870.jpg,https://inscale.co.kr/product/search.html?keyword=P0000BEY,,,P0000BEY,,Sahara - Oval,CASSINA,source_export,product_code,1,,,,,,
1F,1F,CASSINA,SCARPA 925 Lounge Chair Naturale,Chair,4290000,전시중,"Designer : Afra and Tobias Scarpa
Base : Natural Ashwood
Upholstery : Saddle Leather Naturale
Size : W470 x D540 x H710-360
Made in Denmark",Afra and Tobias Scarpa,W470 x D540 x H710-360,Saddle Leather Naturale / Natural Ashwood,Saddle Leather Naturale,Denmark,https://inscale.co.kr/web/product/big/202606/e577157ed95b350fdf90df6f9b2f1cf2.jpg,https://inscale.co.kr/product/search.html?keyword=P0000BEX,,,P0000BEX,,SCARPA 925 Lounge Chair Naturale,CASSINA,source_export,product_code,1,,,,,,
1F,1F,CASSINA,SCARPA 121 Blu - Walnut,Product,3790000,전시중,"Designer : Afra and Tobias Scarpa
Material : American walnut Saddle Leather - Blu
Top & Base : Fabric Cat. L (Luxor L023)
Size : W470 x D540 x H800mm (SH: 450)
Made in Denmark",Afra and Tobias Scarpa,W470 x D540 x H800mm (SH: 450),American walnut Saddle Leather - Blu,,Denmark,https://inscale.co.kr/web/product/big/202606/4d145be26af3ca5b17ccc57144dcd464.jpg,https://inscale.co.kr/product/search.html?keyword=P0000BEW,,,P0000BEW,,SCARPA 121 Blu - Walnut,CASSINA,source_export,product_code,1,,,,,,
2F,2F,CASSINA,Lungangolo Bookshelf - Black oiled oak,Cabinet & Storage,5330000,전시중,"Designer : Achille Castiglion
Color : Black oiled oak
Material : Veneered and treated solid oak
Size : W36 x D36 x H225
Made in Italy",Achille Castiglion,W36 x D36 x H225,Veneered and treated solid oak,Black oiled oak,Italy,https://inscale.co.kr/web/product/big/202606/8915153dab421b488e8d079063ed4718.jpg,https://inscale.co.kr/product/search.html?keyword=P0000BEV,,,P0000BEV,,Lungangolo Bookshelf - Black oiled oak,CASSINA,source_export,product_code,1,,,,,,
4F,4F,POLTRONA FRAU,Let it Be Sofa,Sofa,21230000,전시중,"Designer : Ludovica Serafini + Roberto Palomba 
Base : Leather Cat. Saddle Caffe / Ruthenium Finish
Seat&Cushions : Leather Cat. SC 32 Caolino / Standard version
Size : W1690 x D1040 x H400-700
Cushion : 65 x 65 ￦1,380,000 
Made in Italy",Ludovica Serafini + Roberto Palomba,W1690 x D1040 x H400-700,Leather Cat. Saddle Caffe / Ruthenium Finish,,Italy,https://inscale.co.kr/web/product/big/202606/be145ec1bfa000332257418d3d22250e.jpg,https://inscale.co.kr/product/search.html?keyword=P0000BEU,,,P0000BEU,,Let it Be Sofa,POLTRONA FRAU,source_export,product_code,1,,,,,,
B1,B1,VITRA,Panton Chair - Limited Edition 2026 Electric Blue,Chair,620000,전시중,"Designer : Verner Panton 
Color : Electric Blue(Limited Edition 2026) 
Material : Polypropylene 
Size : W500 x D610 x H440 - 860 
Made in Germany",Verner Panton,W500 x D610 x H440 - 860,Polypropylene,Electric Blue(Limited Edition 2026),Germany,https://inscale.co.kr/web/product/big/202606/bfdf45c3d547c7f9b8fb96e269616a1f.jpg,https://inscale.co.kr/product/search.html?keyword=P0000BET,,,P0000BET,,Panton Chair - Limited Edition 2026 Electric Blue,VITRA,source_export,product_code,1,,,,,,
B1,B1,VITRA,Panton Chair - Limited Edition 2026 Bright Turquoise,Chair,620000,전시중,"Designer : Verner Panton 
Color : Bright Turquoise(Limited Edition 2026) 
Material : Polypropylene 
Size : W500 x D610 x H440 - 860 
Made in Germany",Verner Panton,W500 x D610 x H440 - 860,Polypropylene,Bright Turquoise(Limited Edition 2026),Germany,https://inscale.co.kr/web/product/big/202606/d249128f2e4aa9e166cf3b39c5df9fe7.jpg,https://inscale.co.kr/product/search.html?keyword=P0000BES,,,P0000BES,,Panton Chair - Limited Edition 2026 Bright Turquoise,VITRA,source_export,product_code,1,,,,,,
B1,B1,VITRA,Panton Chair - Limited Edition 2026 Bold Orange,Chair,620000,전시중,"Designer : Verner Panton 
Color : Bold Orange(Limited Edition 2026) 
Material : Polypropylene 
Size : W500 x D610 x H440 - 860 
Made in Germany",Verner Panton,W500 x D610 x H440 - 860,Polypropylene,Bold Orange(Limited Edition 2026),Germany,https://inscale.co.kr/web/product/big/202606/150456e434c589c621d0d85dfaf39131.jpg,https://inscale.co.kr/product/search.html?keyword=P0000BER,,,P0000BER,,Panton Chair - Limited Edition 2026 Bold Orange,VITRA,source_export,product_code,1,,,,,,
B1,B1,VITRA,Panton Chair - Limited Edition 2026 Flash Red,Chair,620000,전시중,"Designer : Verner Panton 
Color : Flash Red(Limited Edition 2026) 
Material : Polypropylene 
Size : W500 x D610 x H440 - 860 
Made in Germany",Verner Panton,W500 x D610 x H440 - 860,Polypropylene,Flash Red(Limited Edition 2026),Germany,https://inscale.co.kr/web/product/big/202606/e9754db1106ef51564b56cdaa1bb6367.jpg,https://inscale.co.kr/product/search.html?keyword=P0000BEQ,,,P0000BEQ,,Panton Chair - Limited Edition 2026 Flash Red,VITRA,source_export,product_code,1,,,,,,
B1,B1,VITRA,Tabouret Bois Natural Solid Oak,Product,1370000,전시중,"Designer : Ronan & Erwan Bouroullec 
Material : Natural oak, Sheet metal
Color : Natural solid oak
Size : 35x H45cm
Made in Germany",Ronan & Erwan Bouroullec,35x H45cm,"Natural oak, Sheet metal",Natural solid oak,Germany,https://inscale.co.kr/web/product/big/202606/b9d807ce0fac0e8fcac9646781c3d0cf.jpg,https://inscale.co.kr/product/search.html?keyword=P0000BEP,,,P0000BEP,,Tabouret Bois Natural Solid Oak,VITRA,source_export,product_code,1,,,,,,
B1,B1,VITRA,Ball Clock Black-Brass,Living Acc,814000,전시중,"Designer : George Nelson 
Material : Wood, Metal, Brass
Size : Ø330 mm
Made in Germany",George Nelson,Ø330 mm,"Wood, Metal, Brass",,Germany,https://inscale.co.kr/web/product/big/202606/4a97d5cc7393c58cc98823273916f164.jpg,https://inscale.co.kr/product/search.html?keyword=P0000BEO,,,P0000BEO,,Ball Clock Black-Brass,VITRA,source_export,product_code,1,,,,,,
B1,B1,VITRA,Eye Wall Clock,Living Acc,900000,전시중,"Designer : George Nelson 
Material : Wood, Metal, Brass
Size : 760 x 340 mm
Made in Germany",George Nelson,760 x 340 mm,"Wood, Metal, Brass",,Germany,https://inscale.co.kr/web/product/big/202606/aacfe150391742ea4cf59f24942bf31b.jpg,https://inscale.co.kr/product/search.html?keyword=P0000BEN,,,P0000BEN,,Eye Wall Clock,VITRA,source_export,product_code,1,,,,,,
B1,B1,VITRA,Sunburst Clock Black-Brass,Living Acc,900000,전시중,"Designer : George Nelson 
Material : Wood, Metal, Brass
Size : Ø470 mm
Made in Germany",George Nelson,Ø470 mm,"Wood, Metal, Brass",,Germany,https://inscale.co.kr/web/product/big/202606/275c61ff8390947b6f3de45ca4d3edf1.jpg,https://inscale.co.kr/product/search.html?keyword=P0000BEM,,,P0000BEM,,Sunburst Clock Black-Brass,VITRA,source_export,product_code,1,,,,,,
B1,B1,ARTEMIDE,[Order] Shogun,Product,1720000,전시중,"Designer : Mario Botta
Material : Aluminium, Steel
Color : White & Black
Size : 32 x H59.5cm
Made in Italy",Mario Botta,32 x H59.5cm,"Aluminium, Steel",White & Black,Italy,https://inscale.co.kr/web/product/big/202606/32a72e0c5a86f9429ef061350e757897.jpg,https://inscale.co.kr/product/search.html?keyword=P0000BEL,,,P0000BEL,,[Order] Shogun,ARTEMIDE,source_export,product_code,1,,,,,,
B1,B1,ARTEK,screen 100C,Living Acc,3760000,전시중,"Designer : Alvar Aalto
Material : Solid Pine
Size : W2000 X H1300
Made in Finland",Alvar Aalto,W2000 X H1300,Solid Pine,,Finland,https://inscale.co.kr/web/product/big/202606/8a21f75aebe262a4fd07d92ab08ccfc7.jpg,https://inscale.co.kr/product/search.html?keyword=P0000BEJ,,,P0000BEJ,,screen 100C,ARTEK,source_export,product_code,1,,,,,,
B1,B1,ARTEK,Icon Stool 60 Poster,Stool & Bench,74000,전시중,"Designer : Greige
Material : Recycled paper
Size : W50 x H70cm
액자 미포함",Greige,W50 x H70cm,Recycled paper,,,https://inscale.co.kr/web/product/big/202606/591215fff8e488a21b0cd5907d0f05f9.jpg,https://inscale.co.kr/product/search.html?keyword=P0000BEI,,,P0000BEI,,Icon Stool 60 Poster,ARTEK,source_export,product_code,1,,,,,,
B1,B1,ARTEK,Icon A331 Beehive Poster,Living Acc,74000,전시중,"Designer : Greige
Material : Recycled paper
Size : W50 x H70cm
액자 미포함",Greige,W50 x H70cm,Recycled paper,,,https://inscale.co.kr/web/product/big/202606/aaa754cf4a07ba95bcf0b318e97cddff.jpg,https://inscale.co.kr/product/search.html?keyword=P0000BEH,,,P0000BEH,,Icon A331 Beehive Poster,ARTEK,source_export,product_code,1,,,,,,
B1,B1,VITRA,Uten.Silo Model - I White,Product,653000,전시중,"Design : Dorothee Becker 
Material : ABS plastic ,Nickle-plated metal 
Color : White
Size : 670 x 870 ( Model - l )
Made in Germany",Dorothee Becker,670 x 870 ( Model - l ),"ABS plastic ,Nickle-plated metal",White,Germany,https://inscale.co.kr/web/product/big/202606/0f799a71df722c0b3a042823add2e603.jpg,https://inscale.co.kr/product/search.html?keyword=P0000BEE,,,P0000BEE,,Uten.Silo Model - I White,VITRA,source_export,product_code,1,,,,,,
B1,B1,VITRA,Uten.Silo Model - I Black,Product,653000,전시중,"Design : Dorothee Becker 
Material : ABS plastic ,Nickle-plated metal 
Color : Black
Size : 670 x 870 ( Model - l )
Made in Germany",Dorothee Becker,670 x 870 ( Model - l ),"ABS plastic ,Nickle-plated metal",Black,Germany,https://inscale.co.kr/web/product/big/202606/c294404b65bc5e80b4710c16b0c871fe.jpg,https://inscale.co.kr/product/search.html?keyword=P0000BED,,,P0000BED,,Uten.Silo Model - I Black,VITRA,source_export,product_code,1,,,,,,
2F,2F,FLOS,[Order] Snoopy Table Lamp - Green,Table,2870000,전시중,"Designer : Achille & Pier Castiglioni
Material : Marble, Steel
Color : Green
Size : 39.4 x H37cm / Cord Length : 220cm
Made in Italy",Achille & Pier Castiglioni,39.4 x H37cm / Cord Length : 220cm,"Marble, Steel",Green,Italy,https://inscale.co.kr/web/product/big/202606/a618e11c4f0de3ff45612b92777b9efa.jpg,https://inscale.co.kr/product/search.html?keyword=P0000BDW,,,P0000BDW,,[Order] Snoopy Table Lamp - Green,FLOS,source_export,product_code,1,,,,,,
1F,1F,CASSINA,HAYAMA,Product,22320000,전시중,"Designer : Patricia Urquiola
Material : Wood fibre(MDF) with Glossy lacquered
Size : W1140 x D510 x H1450
Made in Italy",Patricia Urquiola,W1140 x D510 x H1450,Wood fibre(MDF) with Glossy lacquered,,Italy,https://inscale.co.kr/web/product/big/202606/0ee6e4f6ea84902322d8ebe0e71276a4.jpg,https://inscale.co.kr/product/search.html?keyword=P0000BDV,,,P0000BDV,,HAYAMA,CASSINA,source_export,product_code,1,,,,,,
3F,3F,INGO MAURER,[Order] Zettel'z 6,Product,2440000,전시중,"Designer : Ingo Maurer
Material : Stainless steel, Heat-resistant satin-frosted glass, 
Japanese paper(40 printed, 40 blank paper sheets)
Color : Black - Diffuser 360
Size : 80 x 80 / Canopy : Ø11cm
Made in Germany",Ingo Maurer,80 x 80 / Canopy : Ø11cm,"Stainless steel, Heat-resistant satin-frosted glass,",Black - Diffuser 360,Germany,https://inscale.co.kr/web/product/big/202606/00286eac08b671cfe73d9e543847c5cd.jpg,https://inscale.co.kr/product/search.html?keyword=P0000BDU,,,P0000BDU,,[Order] Zettel'z 6,INGO MAURER,source_export,product_code,1,,,,,,
3F,3F,Santa&Cole,[Order] Lamina 165 Pendant,Lighting,3710000,전시중,"Designer : Antoni Arola
Material : White Grey Metallic Shade With Glossy Finish, Metal With Matte Finish
Size : 179.8 x 9.2cm Max.500cm
Made in Spain",Antoni Arola,179.8 x 9.2cm Max.500cm,"White Grey Metallic Shade With Glossy Finish, Metal With Matte Finish",,Spain,https://inscale.co.kr/web/product/big/202606/6b825816c7a96ad0959f651651adf46a.jpg,https://inscale.co.kr/product/search.html?keyword=P0000BDT,,,P0000BDT,,[Order] Lamina 165 Pendant,Santa&Cole,source_export,product_code,1,,,,,,
2F,2F,CASSINA,944 Soriana - 3 Seater Sofa(Blu),Sofa,26670000,전시중,"Designer : Tobia Scarpa
Material : Polyester Padded
Upholstery : Fabric Cat. L (Luxor L034)
Frame : Metal stained glossy Night Blue
Size : W2500 x D1050 x H420 - 710
Made in Italy",Tobia Scarpa,W2500 x D1050 x H420 - 710,Polyester Padded,Fabric Cat. L (Luxor L034),Italy,https://inscale.co.kr/web/product/big/202606/e61bd0ed5879e7b31a8be05b8f4dcae4.jpg,https://inscale.co.kr/product/search.html?keyword=P0000BDS,,,P0000BDS,,944 Soriana - 3 Seater Sofa(Blu),CASSINA,source_export,product_code,1,,,,,,
B1,B1,ARTEK,Aalto Table Half Round 96 - White HPL,Table,3450000,전시중,"Designer : Alvar Aalto 
Base : Solid birch
Material : White HPL
Size : W150 x D75 x H74 cm
Made in Finland",Alvar Aalto,W150 x D75 x H74 cm,White HPL,,Finland,https://inscale.co.kr/web/product/big/202606/60503b0bef360d382943b3b2f951de3f.jpg,https://inscale.co.kr/product/search.html?keyword=P0000BDR,,,P0000BDR,,Aalto Table Half Round 96 - White HPL,ARTEK,source_export,product_code,1,,,,,,
B1,B1,ARTEK,Domus Chair Oak/Terracotta Leather,Chair,2540000,전시중,"Designer : Ilmari Tapiovaara 
Frame : Solid Oak Clear Lacquered 
Upholstery : Leather Spectrum(L50) Teracotta 
Piping : Prestige Cognac
Size : W580x D540 x H790 
Made in Finland",Ilmari Tapiovaara,W580x D540 x H790,Leather Spectrum(L50) Teracotta / Solid Oak Clear Lacquered,Leather Spectrum(L50) Teracotta,Finland,https://inscale.co.kr/web/product/big/202606/4759bd34e81321df1c1ab88f099546af.jpg,https://inscale.co.kr/product/search.html?keyword=P0000BDQ,,,P0000BDQ,,Domus Chair Oak/Terracotta Leather,ARTEK,source_export,product_code,1,,,,,,
B1,B1,ARTEK,Domus Chair - Birch Black Stained/Chestnut,Chair,1780000,전시중,"Designer : Ilmari Tapiovaara 
Frame : Solid Birch Black Stained 
Upholstery : Fabric Hola(F40) Chestnut 
Piping : Prestige Black
Size : W580x D540 x H790 
Made in Finland",Ilmari Tapiovaara,W580x D540 x H790,Fabric Hola(F40) Chestnut / Solid Birch Black Stained,Fabric Hola(F40) Chestnut,Finland,https://inscale.co.kr/web/product/big/202606/71350f8bd042507649ddea9868d6bb1d.jpg,https://inscale.co.kr/product/search.html?keyword=P0000BDO,,,P0000BDO,,Domus Chair - Birch Black Stained/Chestnut,ARTEK,source_export,product_code,1,,,,,,
B1,B1,ARTEK,Chair 69 Green Lacquered-Birch,Chair,860000,전시중,"Designer : Alvar Aalto 
Material : Solid birch, Birch veneer
Color : Green Lacquered & Birch
Size : W440 x D470 x H455 - 800 
Made in Finland",Alvar Aalto,W440 x D470 x H455 - 800,"Solid birch, Birch veneer",Green Lacquered & Birch,Finland,https://inscale.co.kr/web/product/big/202606/6547fdf5916214db1c5efb148e863ac9.jpg,https://inscale.co.kr/product/search.html?keyword=P0000BDN,,,P0000BDN,,Chair 69 Green Lacquered-Birch,ARTEK,source_export,product_code,1,,,,,,
B1,B1,ARTEK,Chair 66 Wild Birch,Chair,730000,전시중,"Designer : Alvar Aalto 
Material : Wild birch, Birch plywood, Birch veneer
Color : Wild Birch
Size : W390 x D420 x H455 - 800 
Made in Finland",Alvar Aalto,W390 x D420 x H455 - 800,"Wild birch, Birch plywood, Birch veneer",Wild Birch,Finland,https://inscale.co.kr/web/product/big/202606/f1816e2c0c32f6096f1efab5c704c808.jpg,https://inscale.co.kr/product/search.html?keyword=P0000BDM,,,P0000BDM,,Chair 66 Wild Birch,ARTEK,source_export,product_code,1,,,,,,
B1,B1,ARTEK,Chair 66 Birch/Black Linoleum,Chair,830000,전시중,"Designer : Alvar Aalto 
Material : Solid birch, Birch plywood, Linoelum
Color : Black & Birch
Size : W390 x D420 x H455 - 800 
Made in Finland",Alvar Aalto,W390 x D420 x H455 - 800,"Solid birch, Birch plywood, Linoelum",Black & Birch,Finland,https://inscale.co.kr/web/product/big/202606/caeac6e3c80c67c449afc95528d793c9.jpg,https://inscale.co.kr/product/search.html?keyword=P0000BDL,,,P0000BDL,,Chair 66 Birch/Black Linoleum,ARTEK,source_export,product_code,1,,,,,,
B1,B1,ARTEK,Chair 66 Black Lacquerd,Chair,940000,전시중,"Designer : Alvar Aalto 
Material : Solid birch, Birch plywood, Birch veneer
Color : Black lacquered
Size : W390 x D420 x H455 - 800 
Made in Finland",Alvar Aalto,W390 x D420 x H455 - 800,"Solid birch, Birch plywood, Birch veneer",Black lacquered,Finland,https://inscale.co.kr/web/product/big/202606/8c773879cb63fce90fa2f59b17d1ff32.jpg,https://inscale.co.kr/product/search.html?keyword=P0000BDK,,,P0000BDK,,Chair 66 Black Lacquerd,ARTEK,source_export,product_code,1,,,,,,
1F,1F,CASSINA,Treflo Oval table (Comfort),Table,21140000,전시중,"Designer : Ronan Bouroullec
Base : Glossy lacquered
Top : Back-lacquered fluted glass
Color : Comfort (LP 332)
Size : W2400 x D1240 x H740mm
Made in Italy",Ronan Bouroullec,W2400 x D1240 x H740mm,Glossy lacquered / Back-lacquered fluted glass,Comfort (LP 332),Italy,https://inscale.co.kr/web/product/big/202606/61e052f1185a6c6b42611571edf885d3.jpg,https://inscale.co.kr/product/search.html?keyword=P0000BDJ,,,P0000BDJ,,Treflo Oval table (Comfort),CASSINA,source_export,product_code,1,,,,,,
1F,1F,CASSINA,Fluid joinery Side table (Amber),Table,5920000,전시중,"Designer : Linde Freya Tangelder
Material : Blown Glass
Color : Amber
Size : W540 x D480 x H390mm
Made in Italy",Linde Freya Tangelder,W540 x D480 x H390mm,Blown Glass,Amber,Italy,https://inscale.co.kr/web/product/big/202606/4cd8bbc83fd85db19e63b6b1eb2a7ad3.jpg,https://inscale.co.kr/product/search.html?keyword=P0000BDI,,,P0000BDI,,Fluid joinery Side table (Amber),CASSINA,source_export,product_code,1,,,,,,
1F,1F,CASSINA,Fluid joinery Side table (Blue),Table,5920000,전시중,"Designer : Linde Freya Tangelder
Material : Blown Glass
Color : Blue
Size : W540 x D480 x H390mm
Made in Italy",Linde Freya Tangelder,W540 x D480 x H390mm,Blown Glass,Blue,Italy,https://inscale.co.kr/web/product/big/202606/4bc5519105225d5ec768f9c85f4efd17.jpg,https://inscale.co.kr/product/search.html?keyword=P0000BDH,,,P0000BDH,,Fluid joinery Side table (Blue),CASSINA,source_export,product_code,1,,,,,,
2F,2F,CASSINA,Utrecht Armchair,Chair,8660000,전시중,"Designer : Gerrit Thomas Rietveld
Upholstery : Lincoln(Petrolio)
Marterial : Polyurethane foam and polyester batting
Size : W640 x D850 x H370 - 700
Made in Italy

[VARIANTS]
1. P0000BDG / Lincoln(Petrolio) / W640 x D850 x H370 - 700 / 8660000
2. P0000BDF / Fabric Lincoln(Cerenre) / W640 x D850 x H370 - 700 / 8660000",Gerrit Thomas Rietveld,W640 x D850 x H370 - 700,Lincoln(Petrolio) / Fabric Lincoln(Cerenre),Lincoln(Petrolio) / Fabric Lincoln(Cerenre),Italy,https://inscale.co.kr/web/product/big/202606/3afb331cb9ab579c57de989b16dd8b08.png,https://inscale.co.kr/product/search.html?keyword=P0000BDG,,2개 사양 통합 / 상품코드: P0000BDG | P0000BDF,P0000BDG,,Utrecht Armchair,CASSINA,consolidated_variant,brand_name_group,1,,,,,,
B1,B1,ARTEK,Tape Measure,Product,37000,전시중,"Designer : Artek 
Color : White
Material : Plastic, Metal 
Size : 3m
Made in Finland",Artek,3m,"Plastic, Metal",White,Finland,https://inscale.co.kr/web/product/big/202606/e993c84b654cc65177bb2a895863b63e.jpg,https://inscale.co.kr/product/search.html?keyword=P0000BDD,,,P0000BDD,,Tape Measure,ARTEK,source_export,product_code,1,,,,,,
B1,B1,VITRA,[재고보유] Isamu Noguchi Coffee Table Limited Oak,Table,5410000,전시중,"Designer : Isamu Noguchi 
Material : Heavy glass
Color : Oak
Size : W1280 x D920 x H400
Made in Germany",Isamu Noguchi,W1280 x D920 x H400,Heavy glass,Oak,Germany,https://inscale.co.kr/web/product/big/202606/dfc5e2882c7da0c1c865f6b4c864636c.jpg,https://inscale.co.kr/product/search.html?keyword=P0000BDC,,,P0000BDC,,[재고보유] Isamu Noguchi Coffee Table Limited Oak,VITRA,source_export,product_code,1,,,,,,
B1,B1,ARTEK,Aalto Table Foldable - Vapour&Smokey blue Linoleum,Table,2810000,전시중,"Designer : Alvar Aalto 
Base : Solid birch
Material : Vapour&Smokey blue Linoleum 
Size : W79(112.5) x D75 x H74 cm
Made in Finland",Alvar Aalto,W79(112.5) x D75 x H74 cm,Vapour&Smokey blue Linoleum,,Finland,https://inscale.co.kr/web/product/big/202605/0e13731cc0c2ff0f63bb54b51be91f5d.jpg,https://inscale.co.kr/product/search.html?keyword=P0000BDB,,,P0000BDB,,Aalto Table Foldable - Vapour&Smokey blue Linoleum,ARTEK,source_export,product_code,1,,,,,,
B1,B1,ARTEK,Aalto Table Foldable - Clay&Walnut Linoleum,Table,2810000,전시중,"Designer : Alvar Aalto 
Base : Solid birch
Material : Clay&Walnut Linoleum 
Size : W79(112.5) x D75 x H74 cm
Made in Finland",Alvar Aalto,W79(112.5) x D75 x H74 cm,Clay&Walnut Linoleum,,Finland,https://inscale.co.kr/web/product/big/202605/e10bdfcfa1f3bcede430e2c26505d083.jpg,https://inscale.co.kr/product/search.html?keyword=P0000BDA,,,P0000BDA,,Aalto Table Foldable - Clay&Walnut Linoleum,ARTEK,source_export,product_code,1,,,,,,
B1,B1,VITRA,Wooden Side Table S - Light Oak,Table,1450000,전시중,"Designer : Ronan & Erwan Bouroullec 
Material : Ｐrotective varnishcold-molded plywoodfelt glides 
Color : Light Oak
Size : 315 x 315 x H390mm
Made in Germany",Ronan & Erwan Bouroullec,315 x 315 x H390mm,Ｐrotective varnishcold-molded plywoodfelt glides,Light Oak,Germany,https://inscale.co.kr/web/product/big/202605/6281c9cbff4b9a00476434809a4cabf5.jpg,https://inscale.co.kr/product/search.html?keyword=P0000BCZ,,,P0000BCZ,,Wooden Side Table S - Light Oak,VITRA,source_export,product_code,1,,,,,,
B1,B1,VITRA,Wooden Side Table M - Light Oak,Table,1620000,전시중,"Designer : Ronan & Erwan Bouroullec 
Material : Natural oak plywood, Felt glides
Color : Light Oak
Size : 400 x 400 x H455
Made in Germany",Ronan & Erwan Bouroullec,400 x 400 x H455,"Natural oak plywood, Felt glides",Light Oak,Germany,https://inscale.co.kr/web/product/big/202606/a2e87f3ca312d292f67b9413ff754e1f.jpg,https://inscale.co.kr/product/search.html?keyword=P0000BCW,,,P0000BCW,,Wooden Side Table M - Light Oak,VITRA,source_export,product_code,1,,,,,,
B1,B1,VITRA,Wooden Side Table L - Light Oak,Table,1980000,전시중,"Designer : Ronan & Erwan Bouroullec 
Material : Ｐrotective varnishcold-molded plywoodfelt glides 
Color : Light Oak
Size : 700 x 315 x H365 mm
Made in Germany",Ronan & Erwan Bouroullec,700 x 315 x H365 mm,Ｐrotective varnishcold-molded plywoodfelt glides,Light Oak,Germany,https://inscale.co.kr/web/product/big/202605/42a8b63db68e6a908636ff36a41b270a.jpg,https://inscale.co.kr/product/search.html?keyword=P0000BCX,,,P0000BCX,,Wooden Side Table L - Light Oak,VITRA,source_export,product_code,1,,,,,,
B1,B1,VITRA,Cork Family Type C,Product,800000,전시중,"Designer : Jasper Morrison 
Material : Pure cork, lathe-turned, untreated surface 
Size : 310 x H330mm 
Made in Germany",Jasper Morrison,310 x H330mm,"Pure cork, lathe-turned, untreated surface",,Germany,https://inscale.co.kr/web/product/big/202606/34058f0b2cfd42adc8a383d99d355e3d.jpg,https://inscale.co.kr/product/search.html?keyword=P0000BCV,,,P0000BCV,,Cork Family Type C,VITRA,source_export,product_code,1,,,,,,
B1,B1,ARTEK,Artek 90 Anniversary Poster,Living Acc,74000,전시중,"Designer : Inka Bell
Size : W50 x H70cm
액자 미포함",Inka Bell,W50 x H70cm,,,,https://inscale.co.kr/web/product/big/202603/b9ccd41e33a54c217dcfebd377bcc5e1.jpg,https://inscale.co.kr/product/search.html?keyword=P0000BCJ,,,P0000BCJ,,Artek 90 Anniversary Poster,ARTEK,source_export,product_code,1,,,,,,
4F,4F,ARTEMIDE,[Order] Melampo Terra Floor Grey,Lighting,1180000,전시중,"Designer : Adrien Gardère
Material : Aluminium, zamak, silk satin fabric and technopolymer
Color : Grey
Size : W420 x H1630
Made in Italy",Adrien Gardère,W420 x H1630,"Aluminium, zamak, silk satin fabric and technopolymer",Grey,Italy,https://inscale.co.kr/web/product/big/202609/3dd346dbee60e65bca7b0783714e8ec3.jpg,https://inscale.co.kr/product/search.html?keyword=P0000BCH,,,P0000BCH,,[Order] Melampo Terra Floor Grey,ARTEMIDE,source_export,product_code,1,,,,,,
B1,B1,VITRA,100th Anniversary Edition Heart Cone Chair,Chair,6450000,전시중,"Designer : Verner Panton 
Material : Polyurethane foam, Steel
Color : Blue
Size : W1030 x D625 x H890 
Made in Germany",Verner Panton,W1030 x D625 x H890,"Polyurethane foam, Steel",Blue,Germany,https://inscale.co.kr/web/product/big/202602/5b88e83ccd5048459731987740d9c45e.jpg,https://inscale.co.kr/product/search.html?keyword=P0000BCE,,,P0000BCE,,100th Anniversary Edition Heart Cone Chair,VITRA,source_export,product_code,1,,,,,,
B1,B1,ARTEK,Chair 66 Walnut Stained,Chair,940000,전시중,"Designer : Alvar Aalto 
Material : Birch plywood Walnut Stained
Color : Walnut Stained
Size : W390 x D420 x H455 or 435 - 800 
Made in Finland",Alvar Aalto,W390 x D420 x H455 or 435 - 800,Birch plywood Walnut Stained,Walnut Stained,Finland,https://inscale.co.kr/web/product/big/202602/0abecee596581971202e6843dce4efce.jpg,https://inscale.co.kr/product/search.html?keyword=P0000BCD,,,P0000BCD,,Chair 66 Walnut Stained,ARTEK,source_export,product_code,1,,,,,,
3F,3F,CASSINA,Les Grands Trans-Parents Mirror,Living Acc,3340000,전시중,"Designer : Man Ray
Material : Elliptical Screen-printed Clear Glass Mirror, Base in Black Rigid Polyurethane
Size : W910 x H1810
Made in Italy",Man Ray,W910 x H1810,"Elliptical Screen-printed Clear Glass Mirror, Base in Black Rigid Polyurethane",,Italy,https://inscale.co.kr/web/product/big/202312/19888d373e958af73e266ace7ce20787.jpg,https://inscale.co.kr/product/search.html?keyword=P0000BCC,,,P0000BCC,,Les Grands Trans-Parents Mirror,CASSINA,source_export,product_code,1,,,,,,
B1,B1,VITRA,Ceramic Containers No.2 Cream,Product,308000,전시중,"Designer : Charles & Ray Eames
Material : Ceramic, Hnad-glazed 
Size : 180 x 330mm
Made in portugal",Charles & Ray Eames,180 x 330mm,"Ceramic, Hnad-glazed",,portugal,https://inscale.co.kr/web/product/big/202512/b0c386b2070f5da1a0524cd54b1756ca.jpg,https://inscale.co.kr/product/search.html?keyword=P0000BBT,,,P0000BBT,,Ceramic Containers No.2 Cream,VITRA,source_export,product_code,1,,,,,,
B1,B1,VITRA,Ceramic Containers No.1 Cream,Product,345000,전시중,"Designer : Charles & Ray Eames
Material : Ceramic, Hnad-glazed 
Size : 180 x 330mm
Made in portugal",Charles & Ray Eames,180 x 330mm,"Ceramic, Hnad-glazed",,portugal,https://inscale.co.kr/web/product/big/202512/ddba5a807f65407cc231d9cc9faa6403.jpg,https://inscale.co.kr/product/search.html?keyword=P0000BBS,,,P0000BBS,,Ceramic Containers No.1 Cream,VITRA,source_export,product_code,1,,,,,,
B1,B1,VITRA,Classic Tray Dot Pattern Medium,Living Acc,148000,전시중,"Designer : Charles & Ray Eames
Material : Laminated plywood 
Size : 360 x 280 x H20mm
Made in Poland",Charles & Ray Eames,360 x 280 x H20mm,Laminated plywood,,Poland,https://inscale.co.kr/web/product/big/202512/a6f928b448d6fa6605dfdbeabc667feb.jpg,https://inscale.co.kr/product/search.html?keyword=P0000BBR,,,P0000BBR,,Classic Tray Dot Pattern Medium,VITRA,source_export,product_code,1,,,,,,
B1,B1,VITRA,HIgh Tray White,Living Acc,105000,전시중,"Designer : Jasper Morrison
Material : Textured ABS plastic 
Size : 300 x H150 mm
Made in Slowenien",Jasper Morrison,300 x H150 mm,Textured ABS plastic,,Slowenien,https://inscale.co.kr/web/product/big/202512/f0c6b20dcfb654cb6e91e1a9631c8ce2.jpg,https://inscale.co.kr/product/search.html?keyword=P0000BBQ,,,P0000BBQ,,HIgh Tray White,VITRA,source_export,product_code,1,,,,,,
B1,B1,VITRA,HIgh Tray Dark Brick,Living Acc,105000,전시중,"Designer : Jasper Morrison
Material : Textured ABS plastic 
Size : 300 x H150 mm
Made in Slowenien",Jasper Morrison,300 x H150 mm,Textured ABS plastic,,Slowenien,https://inscale.co.kr/web/product/big/202512/9bd345545ea56aa0f644d5e2f122e88e.jpg,https://inscale.co.kr/product/search.html?keyword=P0000BBP,,,P0000BBP,,HIgh Tray Dark Brick,VITRA,source_export,product_code,1,,,,,,
B1,B1,VITRA,HIgh Tray Ivy,Living Acc,105000,전시중,"Designer : Jasper Morrison
Material : Textured ABS plastic 
Size : 300 x H150 mm
Made in Slowenien",Jasper Morrison,300 x H150 mm,Textured ABS plastic,,Slowenien,https://inscale.co.kr/web/product/big/202512/653c3eaf4f2c4bdbb24a25541b2addb3.jpg,https://inscale.co.kr/product/search.html?keyword=P0000BBO,,,P0000BBO,,HIgh Tray Ivy,VITRA,source_export,product_code,1,,,,,,
B1,B1,VITRA,Metal Wall Relief Magic Snake,Product,456000,전시중,"Designer : Alexander Girard
Material : Powder-coated sheet metal 
Size : 966 x 99 x 17 mm
Made in Poland",Alexander Girard,966 x 99 x 17 mm,Powder-coated sheet metal,,Poland,https://inscale.co.kr/web/product/big/202512/9f6d8476a2042fc6f61def8002faeafd.jpg,https://inscale.co.kr/product/search.html?keyword=P0000BBN,,,P0000BBN,,Metal Wall Relief Magic Snake,VITRA,source_export,product_code,1,,,,,,
B1,B1,VITRA,Uten.Silo Model - ll Japanese Red,Product,543000,전시중,"Designer : Dorothee Becker 
Color : Black
Material : ABS plastic ,Nickle-plated metal 
Size : W670 x H870 
Made in Germany",Dorothee Becker,W670 x H870,"ABS plastic ,Nickle-plated metal",Black,Germany,https://inscale.co.kr/web/product/big/202512/5cb391cf0351c226a3c686defa09e3bd.jpg,https://inscale.co.kr/product/search.html?keyword=P0000BBM,,,P0000BBM,,Uten.Silo Model - ll Japanese Red,VITRA,source_export,product_code,1,,,,,,
B1,B1,VITRA,Uten.Silo Model - I Japanese Red,Product,653000,전시중,"Design : Dorothee Becker 
Material : ABS plastic ,Nickle-plated metal 
Color : Red
Size : 670 x 870 ( Model - l )
Made in Germany",Dorothee Becker,670 x 870 ( Model - l ),"ABS plastic ,Nickle-plated metal",Red,Germany,https://inscale.co.kr/web/product/big/202512/51e92b2a147a032bb143d7c8f4811b46.jpg,https://inscale.co.kr/product/search.html?keyword=P0000BBL,,,P0000BBL,,Uten.Silo Model - I Japanese Red,VITRA,source_export,product_code,1,,,,,,
B1,B1,ARTEK,[90 Anniversary Edition] Artek + Marimekko Bench 153B Seireeni,Stool & Bench,1220000,전시중,"Designer : Alvar Aalto, Marimekko 
Legs & Seat : Solid Birch
Seat Top : Birch Venner
Size : W72.5 x D40 x H44.5
Made in Finland","Alvar Aalto, Marimekko",W72.5 x D40 x H44.5,,,Finland,https://inscale.co.kr/web/product/big/202512/f8da6e0876a1df14d6533a382ee1241b.jpg,https://inscale.co.kr/product/search.html?keyword=P0000BBK,,,P0000BBK,,[90 Anniversary Edition] Artek + Marimekko Bench 153B Seireeni,ARTEK,source_export,product_code,1,,,,,,
B1,B1,ARTEK,[90 Anniversary Edition] Artek + Marimekko Bench 153B Kivet,Stool & Bench,1220000,전시중,"Designer : Alvar Aalto, Marimekko 
Legs & Seat : Solid Birch
Seat Top : Birch Venner
Size : W72.5 x D40 x H44.5
Made in Finland","Alvar Aalto, Marimekko",W72.5 x D40 x H44.5,,,Finland,https://inscale.co.kr/web/product/big/202512/9c4ded08fa93f927a4a12d47e79b3f1e.jpg,https://inscale.co.kr/product/search.html?keyword=P0000BBJ,,,P0000BBJ,,[90 Anniversary Edition] Artek + Marimekko Bench 153B Kivet,ARTEK,source_export,product_code,1,,,,,,
B1,B1,ARTEK,[90 Anniversary Edition] Artek + Marimekko Round Table 90D Seireeni,Table,1280000,전시중,"Designer : Alvar Aalto, Marimekko 
Legs & Top Edge band : Solid Birch
Top Core : Chipboard
Top Surface : Birch Venner
Size : W48 x H44
Made in Finland","Alvar Aalto, Marimekko",W48 x H44,,,Finland,https://inscale.co.kr/web/product/big/202512/e5b1d1535331521dc96fb90faab083a3.jpg,https://inscale.co.kr/product/search.html?keyword=P0000BBI,,,P0000BBI,,[90 Anniversary Edition] Artek + Marimekko Round Table 90D Seireeni,ARTEK,source_export,product_code,1,,,,,,
B1,B1,ARTEK,[90 Anniversary Edition] Artek + Marimekko Stool 60 Seireeni,Stool & Bench,570000,전시중,"Designer : Alvar Aalto, Marimekko 
Legs : Solid Birch
Seat : Birch Veneer
Size : W38 x H44
Made in Finland","Alvar Aalto, Marimekko",W38 x H44,Birch Veneer,,Finland,https://inscale.co.kr/web/product/big/202512/26851213170e287e43d0f2e4523ceba5.jpg,https://inscale.co.kr/product/search.html?keyword=P0000BBH,,,P0000BBH,,[90 Anniversary Edition] Artek + Marimekko Stool 60 Seireeni,ARTEK,source_export,product_code,1,,,,,,
B1,B1,ARTEK,[90 Anniversary Edition] Artek + Marimekko Stool 60 Kivet,Stool & Bench,570000,전시중,"Designer : Alvar Aalto, Marimekko 
Legs : Solid Birch
Seat : Birch Veneer
Size : W38 x H44
Made in Finland","Alvar Aalto, Marimekko",W38 x H44,Birch Veneer,,Finland,https://inscale.co.kr/web/product/big/202512/f622db6ef6604c041be6173a1d606805.jpg,https://inscale.co.kr/product/search.html?keyword=P0000BBG,,,P0000BBG,,[90 Anniversary Edition] Artek + Marimekko Stool 60 Kivet,ARTEK,source_export,product_code,1,,,,,,
B1,B1,ARTEK,[90 Anniversary Edition] Artek + Marimekko Stool 60 Lokki,Stool & Bench,570000,전시중,"Designer : Alvar Aalto, Marimekko 
Legs : Solid Birch
Seat : Birch Veneer
Size : W38 x H44
Made in Finland","Alvar Aalto, Marimekko",W38 x H44,Birch Veneer,,Finland,https://inscale.co.kr/web/product/big/202512/b5b29dd881c7d69b38e6264f4ef7eab4.jpg,https://inscale.co.kr/product/search.html?keyword=P0000BBF,,,P0000BBF,,[90 Anniversary Edition] Artek + Marimekko Stool 60 Lokki,ARTEK,source_export,product_code,1,,,,,,
3F,3F,FLOS,[Order] Bellhop Table Lamp (5 Colors),Table,611000,전시중,"Designer : Edward Barber and Jay Osgerby
Material : Aluminium
Color : White, Blue, Brick Red, Yellow, Grey
Size : Ø12.5 x H21cm
Made in Italy",Edward Barber and Jay Osgerby,Ø12.5 x H21cm,Aluminium,"White, Blue, Brick Red, Yellow, Grey",Italy,https://inscale.co.kr/web/product/big/202511/7867de0c6dec25b3b31a3be3275cbfb6.jpg,https://inscale.co.kr/product/search.html?keyword=P0000BBE,,,P0000BBE,,[Order] Bellhop Table Lamp (5 Colors),FLOS,source_export,product_code,1,,,,,,
B1,B1,ARTEK,A110 Hand Grenade Duo-Tone Limited,Lighting,860000,전시중,"Designer : Alvar Aalto 
Shade : Steel, duotone white/linen powder coating 
Ring : Steel, brass-plated Plastic cable, length 2.5m
Light bulb : E67 max. 12W
Size : 16 x H44cm
Made in Finland",Alvar Aalto,16 x H44cm,,,Finland,https://inscale.co.kr/web/product/big/202511/c3e04a8f3d8434ab33fb72ef30b09794.jpg,https://inscale.co.kr/product/search.html?keyword=P0000BBD,,,P0000BBD,,A110 Hand Grenade Duo-Tone Limited,ARTEK,source_export,product_code,1,,,,,,
B1,B1,ARTEK,A333 Turnip Duo-Tone Limited,Lighting,910000,전시중,"Designer : Alvar Aalto 
Shade : Hand-spun steel, White plastic cable, length 2.5m
Light bulb : E67 max. 12W
Size : 25.5 x H20cm
Made in Finland",Alvar Aalto,25.5 x H20cm,,,Finland,https://inscale.co.kr/web/product/big/202511/e1999ebc1ddf7985aa9327c23ac4fdd9.jpg,https://inscale.co.kr/product/search.html?keyword=P0000BBC,,,P0000BBC,,A333 Turnip Duo-Tone Limited,ARTEK,source_export,product_code,1,,,,,,
B1,B1,ARTEK,Cabinet 250,Cabinet & Storage,5200000,전시중,"Designer : Alvar Aalto 
Leg : Solid birch, Honey Stained
Shelf : Birch veneer, Honey stained
Size : W950 x D400 x H1000
Made in Finland",Alvar Aalto,W950 x D400 x H1000,,,Finland,https://inscale.co.kr/web/product/big/202511/ec019de1632d6ba970894b3828cb2c40.jpg,https://inscale.co.kr/product/search.html?keyword=P0000BBB,,,P0000BBB,,Cabinet 250,ARTEK,source_export,product_code,1,,,,,,
2F,2F,CASSINA,Cornaro - 2 seater - Crema,Product,26810000,전시중,"Designer : Carlo Scarpa
Upholstery : Fabric Cat. L 13L012
Frame : Glossy Laquered - Crema
Size : W2200*D970*H400-660
Made in Italy",Carlo Scarpa,W2200*D970*H400-660,Fabric Cat. L 13L012 / Glossy Laquered - Crema,Fabric Cat. L 13L012,Italy,https://inscale.co.kr/web/product/big/202608/42baa417f72a17af02474223c4c16b05.jpg,https://inscale.co.kr/product/search.html?keyword=P0000BBA,,,P0000BBA,,Cornaro - 2 seater - Crema,CASSINA,source_export,product_code,1,,,,,,
B1,B1,CASSINA,JABARA Sideboard Oak,Cabinet & Storage,13240000,전시중,"Designer : SHINSAKU MIYAMOTO
Body : Oak Frame Steel powder coated Black Base, Thick Leather Black Drawer, 2x shelf plate included
Size : W1200 x D430 x H810",SHINSAKU MIYAMOTO,W1200 x D430 x H810,,,,https://inscale.co.kr/web/product/big/202508/c04ca98bc9aab7acd142cd613205e1d5.jpg,https://inscale.co.kr/product/search.html?keyword=P0000BAZ,,,P0000BAZ,,JABARA Sideboard Oak,CASSINA,source_export,product_code,1,,,,,,
B1,B1,VITRA,EM Table (HPL) 1800,Table,5490000,전시중,"Designer : Jean Prouvé 
Top : Ivory HPL
Color : Prouvé Gris Vermeer(smooth)
Size : W1800 x D900 x H740
Made in Germany

[VARIANTS]
1. P0000BAY / Prouvé Gris Vermeer(smooth) / W1800 x D900 x H740 / 5490000
2. P00000YO / Prouvé Blanc Colombe(ecru) / W1800 x D900 x H740 / 5490000",Jean Prouvé,W1800 x D900 x H740,Ivory HPL,Prouvé Gris Vermeer(smooth) / Prouvé Blanc Colombe(ecru),Germany,https://inscale.co.kr/web/product/big/202507/586d5bbdc28bfaaa1fb0ea5cbbe017d4.jpg,https://inscale.co.kr/product/search.html?keyword=P0000BAY,,2개 사양 통합 / 상품코드: P0000BAY | P00000YO,P0000BAY,,EM Table (HPL) 1800,VITRA,consolidated_variant,brand_name_group,1,,,,,,
B1,B1,VITRA,Panton Chair Bordeaux,Chair,620000,전시중,"Designer : Verner Panton 
Color : Bordeaux 
Material : Polypropylene 
Size : W500 x D610 x H440 - 860 
Made in Germany",Verner Panton,W500 x D610 x H440 - 860,Polypropylene,Bordeaux,Germany,https://inscale.co.kr/web/product/big/202507/f941d597d7fa747f03cfb5bae5d0ad30.jpg,https://inscale.co.kr/product/search.html?keyword=P0000BAX,,,P0000BAX,,Panton Chair Bordeaux,VITRA,source_export,product_code,1,,,,,,
B1,B1,VITRA,EM Table (Veneer) 1800,Table,6240000,전시중,"Designer : Jean Prouvé 
Top : Natural oak, veneer with protective varnish
Base : Prouvé Blanc Colombe(ecru)
Size : W1800 x D900 x H740
Made in Germany

[VARIANTS]
1. P0000BAV / W1800 x D900 x H740 / 6240000
2. P00000HT / 12 Deep black / W1800 x D900 x H740 / 6240000",Jean Prouvé,W1800 x D900 x H740,"Prouvé Blanc Colombe(ecru) / Natural oak, veneer with protective varnish / Natural oak, Steel",12 Deep black,Germany,https://inscale.co.kr/web/product/big/202507/25c394de80a921b7d8e318c054520bb6.jpg,https://inscale.co.kr/product/search.html?keyword=P0000BAV,,2개 사양 통합 / 상품코드: P0000BAV | P00000HT,P0000BAV,,EM Table (Veneer) 1800,VITRA,consolidated_variant,brand_name_group,1,,,,,,
B1,B1,ARTEK,[90 Anniversary Edition] Artek + Moomin Stool 60,Stool & Bench,806000,전시중,"Designer : Alvar Aalto, Tove Jansson 
Legs : Solid Birch, Honey Stained
Seat : Birch Veneer, Honey Stained
Illustrations : Laser Engraved
Size : W38 x H44
Made in Finland","Alvar Aalto, Tove Jansson",W38 x H44,"Birch Veneer, Honey Stained",,Finland,https://inscale.co.kr/web/product/big/202507/10748615f0d1b32b85791c624d429f5c.jpg,https://inscale.co.kr/product/search.html?keyword=P0000BAU,,,P0000BAU,,[90 Anniversary Edition] Artek + Moomin Stool 60,ARTEK,source_export,product_code,1,,,,,,
B1,B1,VITRA,Eames House Bird black,Product,407000,전시중,"Designer : Charles & Ray Eames 
Color : Black
Material : Solid alder, black lacquer finish, Legs : black steel wire 
Size : 85 x 278 x H276mm
Made in Germany",Charles & Ray Eames,85 x 278 x H276mm,"Solid alder, black lacquer finish, Legs : black steel wire",Black,Germany,https://inscale.co.kr/web/product/big/202507/ee5056b8a944e01c423e6de5e754392b.jpg,https://inscale.co.kr/product/search.html?keyword=P0000BAT,,,P0000BAT,,Eames House Bird black,VITRA,source_export,product_code,1,,,,,,
B1,B1,VITRA,Eames House Whale,Product,1627000,전시중,"Designer : Charles & Ray Eames 
Color : Black
Material : Solid ash wood, Hand-painted 
Size : 700 x 140mm
Made in Germany",Charles & Ray Eames,700 x 140mm,"Solid ash wood, Hand-painted",Black,Germany,https://inscale.co.kr/web/product/big/202507/d798d7f790f7643e1caf1baf3d02beed.jpg,https://inscale.co.kr/product/search.html?keyword=P0000BAS,,,P0000BAS,,Eames House Whale,VITRA,source_export,product_code,1,,,,,,
B1,B1,ARTEK,Pendant Light JL341 White,Lighting,1520000,전시중,"Designer : Juha Leiviska 
Material : Shade, reflectors-Hand spun aluminium
Cable : White plastic cable, length 2 m
Size : Ø560 x H170
Made in Poland",Juha Leiviska,Ø560 x H170,"Shade, reflectors-Hand spun aluminium",,Poland,https://inscale.co.kr/web/product/big/202505/d7666308b3ad6fcc488ae5e5945181de.jpg,https://inscale.co.kr/product/search.html?keyword=P0000BAR,,,P0000BAR,,Pendant Light JL341 White,ARTEK,source_export,product_code,1,,,,,,
B1,B1,ARTEK,Pendant Light JL341 Brass,Lighting,1690000,전시중,"Designer : Juha Leiviska 
Material : Shade, reflectors-Hand spun aluminium
Cable : White plastic cable, length 2 m
Size : Ø560 x H170
Made in Poland",Juha Leiviska,Ø560 x H170,"Shade, reflectors-Hand spun aluminium",,Poland,https://inscale.co.kr/web/product/big/202505/4c7584042865e40ff3d8abbca86f9d4e.jpg,https://inscale.co.kr/product/search.html?keyword=P0000BAQ,,,P0000BAQ,,Pendant Light JL341 Brass,ARTEK,source_export,product_code,1,,,,,,
2F,2F,CASSINA,CORNARO ARMCHAIR - Pinot Noir,Chair,13520000,전시중,"Designer : Carlo Scarpa
Upholstery : Fabric Cat. L 13L015
Frame : Glossy Laquered – Pinot Noir
Size : W1150*D890*H400-660
Made in Italy",Carlo Scarpa,W1150*D890*H400-660,Fabric Cat. L 13L015 / Glossy Laquered – Pinot Noir,Fabric Cat. L 13L015,Italy,https://inscale.co.kr/web/product/big/202409/c1caef306f8a2388c6c6eb88170c8811.jpg,https://inscale.co.kr/product/search.html?keyword=P0000BAN,,,P0000BAN,,CORNARO ARMCHAIR - Pinot Noir,CASSINA,source_export,product_code,1,,,,,,
2F,2F,CASSINA,CORNARO ARMCHAIR - Crema,Chair,13520000,전시중,"Designer : Carlo Scarpa
Upholstery : Fabric Cat. L 13L466
Frame : Glossy Laquered - Crema
Size : W1150*D890*H400-660
Made in Italy",Carlo Scarpa,W1150*D890*H400-660,Fabric Cat. L 13L466 / Glossy Laquered - Crema,Fabric Cat. L 13L466,Italy,https://inscale.co.kr/web/product/big/202503/ac1ad956612b9bebd877211264614327.jpg,https://inscale.co.kr/product/search.html?keyword=P0000BAO,,,P0000BAO,,CORNARO ARMCHAIR - Crema,CASSINA,source_export,product_code,1,,,,,,
2F,2F,CASSINA,CORNARO  3 seater - Pinot Noir,Product,34470000,전시중,"Designer : Carlo Scarpa
Upholstery : Fabric Cat. L 13L015
Frame : Glossy Laquered - Pinot Noir
Size : W3000*D970*H660
Made in Italy",Carlo Scarpa,W3000*D970*H660,Fabric Cat. L 13L015 / Glossy Laquered - Pinot Noir,Fabric Cat. L 13L015,Italy,https://inscale.co.kr/web/product/big/202503/adb2520612ca2548f3c3e53294b528d0.jpg,https://inscale.co.kr/product/search.html?keyword=P0000BAP,,,P0000BAP,,CORNARO  3 seater - Pinot Noir,CASSINA,source_export,product_code,1,,,,,,
1F,1F,CASSINA,SCARPA 925 Lounge Chair Bordeaux Plus,Chair,7320000,전시중,"Designer : Afra and Tobias Scarpa
Base : American Walnut
Upholstery : Saddle Leather Bordeaux Plus
Size : W470 x D540 x H710-360
Made in Denmark",Afra and Tobias Scarpa,W470 x D540 x H710-360,Saddle Leather Bordeaux Plus / American Walnut,Saddle Leather Bordeaux Plus,Denmark,https://inscale.co.kr/web/product/big/202504/04064db94eb6791525b29b8eef3fa5b6.jpg,https://inscale.co.kr/product/search.html?keyword=P0000BAK,,,P0000BAK,,SCARPA 925 Lounge Chair Bordeaux Plus,CASSINA,source_export,product_code,1,,,,,,
1F,1F,CASSINA,DUDET Bianco,Product,3800000,전시중,"Designer : Patricia Urquiola
Material : Polyurethane foam
Upholstery : Look 13L010 Bianco
Size : W600 x D510 x H750-460
Made in Italy",Patricia Urquiola,W600 x D510 x H750-460,Polyurethane foam,Look 13L010 Bianco,Italy,https://inscale.co.kr/web/product/big/202606/eb26f14f3d4e82f09604f9267918f44d.jpg,https://inscale.co.kr/product/search.html?keyword=P0000BAI,,,P0000BAI,,DUDET Bianco,CASSINA,source_export,product_code,1,,,,,,
1F,1F,CASSINA,SCARPA 121 Bordeaux,Product,3260000,전시중,"Designer : Afra and Tobias Scarpa
Material : American walnut Saddle Leather - Bordeaux
Top & Base : Fabric Cat. L (Luxor L023)
Size : W470 x D540 x H800mm (SH: 450)
Made in Denmark",Afra and Tobias Scarpa,W470 x D540 x H800mm (SH: 450),American walnut Saddle Leather - Bordeaux,,Denmark,https://inscale.co.kr/web/product/big/202504/f4be5a04c006ed6f9352ed3430936929.jpg,https://inscale.co.kr/product/search.html?keyword=P0000BAG,,,P0000BAG,,SCARPA 121 Bordeaux,CASSINA,source_export,product_code,1,,,,,,
4F,4F,POLTRONA FRAU,ISADORA,Product,4900000,전시중,"Designer : Roberto Lasseroni 
Frame : Burnished Alumium 
Upholstery : Saddle Extra Leather-Cammello
Size : W490*D570*H470-810
Made in Italy",Roberto Lasseroni,W490*D570*H470-810,Saddle Extra Leather-Cammello / Burnished Alumium,Saddle Extra Leather-Cammello,Italy,https://inscale.co.kr/web/product/big/202503/3dfd662f56c4db6fa164c77e7eb028ca.jpg,https://inscale.co.kr/product/search.html?keyword=P00000ZY,,,P00000ZY,,ISADORA,POLTRONA FRAU,source_export,product_code,1,,,,,,
4F,4F,POLTRONA FRAU,NICE Small Armchair(Leahter),Chair,3940000,전시중,"Designer : GamFratesi 
Frame : Burnished Alumium 
Upholstery : Leather SC or Leather Nest
Size : W530*D570*H500-830
Made in Italy",GamFratesi,W530*D570*H500-830,Leather SC or Leather Nest / Burnished Alumium,Leather SC or Leather Nest,Italy,https://inscale.co.kr/web/product/big/202503/3c4336b82342c86f4c9daf6625a86945.jpg,https://inscale.co.kr/product/search.html?keyword=P00000ZX,,,P00000ZX,,NICE Small Armchair(Leahter),POLTRONA FRAU,source_export,product_code,1,,,,,,
4F,4F,POLTRONA FRAU,NICE Small Armchair(Fabric),Chair,3570000,전시중,"Designer : GamFratesi 
Frame : Burnished Alumium 
Upholstery : Fabric Cat. B Loop 02 Corda
Size : W530*D570*H500-830
Made in Italy",GamFratesi,W530*D570*H500-830,Fabric Cat. B Loop 02 Corda / Burnished Alumium,Fabric Cat. B Loop 02 Corda,Italy,https://inscale.co.kr/web/product/big/202606/112f4578f26db0fe011c2386e70f4049.jpg,https://inscale.co.kr/product/search.html?keyword=P00000ZW,,,P00000ZW,,NICE Small Armchair(Fabric),POLTRONA FRAU,source_export,product_code,1,,,,,,
4F,4F,POLTRONA FRAU,HOMEY TABLE,Table,17740000,전시중,"Designer : Gamfratesi
Top : Ash Moka Stained
Base : Burnished Aluminum
Size : W2200*D950*H730
Made in Italy",Gamfratesi,W2200*D950*H730,Burnished Aluminum / Ash Moka Stained,,Italy,https://inscale.co.kr/web/product/big/202503/5479496723e0cc685f265e87cca84b5c.jpg,https://inscale.co.kr/product/search.html?keyword=P00000ZV,,,P00000ZV,,HOMEY TABLE,POLTRONA FRAU,source_export,product_code,1,,,,,,
4F,4F,POLTRONA FRAU,MING’S HEART,Product,9550000,전시중,"Designer : Shi-Chieh Lu
Frame : Wengè Ash Wood 
Upholstery : Leather Cat. Saddle Extra. Carbone / Gunmetal grey
Size : W830 x D800 x H410-750
Made in Italy",Shi-Chieh Lu,W830 x D800 x H410-750,Leather Cat. Saddle Extra. Carbone / Gunmetal grey / Wengè Ash Wood,Leather Cat. Saddle Extra. Carbone / Gunmetal grey,Italy,https://inscale.co.kr/web/product/big/202503/c27cf9fc1a8d9381efdf9a60422668a0.jpg,https://inscale.co.kr/product/search.html?keyword=P00000ZU,,,P00000ZU,,MING’S HEART,POLTRONA FRAU,source_export,product_code,1,,,,,,
4F,4F,POLTRONA FRAU,DUO LOUNGE CHAIR,Chair,7060000,전시중,"Designer : Roberto Lazzeroni
Frame : Wengè Ash Wood 
Upholstery : Fabric Cat. B Ziggy Red Onion
Size : W780*D770*H440-700
Made in Italy",Roberto Lazzeroni,W780*D770*H440-700,Fabric Cat. B Ziggy Red Onion / Wengè Ash Wood,Fabric Cat. B Ziggy Red Onion,Italy,https://inscale.co.kr/web/product/big/202503/3c0f8184bfa36468aa3ecf3d0468cc6c.jpg,https://inscale.co.kr/product/search.html?keyword=P00000ZT,,,P00000ZT,,DUO LOUNGE CHAIR,POLTRONA FRAU,source_export,product_code,1,,,,,,
4F,4F,POLTRONA FRAU,DUO BOOKCASE,Cabinet & Storage,23450000,전시중,"Designer : Roberto Lazzeroni
Frame : Wengè Ash Wood
Shelf Glass : Grigio
Size : W1600*D450*H1600
Made in Italy",Roberto Lazzeroni,W1600*D450*H1600,Wengè Ash Wood,,Italy,https://inscale.co.kr/web/product/big/202503/7c411212a1287a6374a4f8c2c09cce88.jpg,https://inscale.co.kr/product/search.html?keyword=P00000ZS,,,P00000ZS,,DUO BOOKCASE,POLTRONA FRAU,source_export,product_code,1,,,,,,
4F,4F,POLTRONA FRAU,DUO BENCH,Stool & Bench,4750000,전시중,"Designer : Roberto Lazzeroni
Upholstery : Leather Velvety
Base : Wengè Ash
Size : W490*D390*H460
Made in Italy",Roberto Lazzeroni,W490*D390*H460,Leather Velvety / Wengè Ash,Leather Velvety,Italy,https://inscale.co.kr/web/product/big/202503/9c0e5d9bd893b864a365856a6591f322.jpg,https://inscale.co.kr/product/search.html?keyword=P00000ZR,,,P00000ZR,,DUO BENCH,POLTRONA FRAU,source_export,product_code,1,,,,,,
4F,4F,POLTRONA FRAU,DUO LOW TABLE,Table,"7170000
13730000",전시중,"Designer : Roberto Lazzeroni 
Top : Coloured Glass Rosso Cina
Base : Wengè Ash
Size : Ø570*H500
Made in Italy

[VARIANTS]
1. P00000ZQ / Ø570*H500 / 7170000
2. P00000ZP / Ø800*H360 / 13730000",Roberto Lazzeroni,Ø570*H500 / Ø800*H360,Wengè Ash / Coloured Glass Rosso Cina / Wengè Ash / Coloured Glass Celadon,,Italy,https://inscale.co.kr/web/product/big/202606/aa344f5ee244b45ab87075fd604a18d5.jpg,https://inscale.co.kr/product/search.html?keyword=P00000ZQ,,2개 사양 통합 / 상품코드: P00000ZQ | P00000ZP,P00000ZQ,,DUO LOW TABLE,POLTRONA FRAU,consolidated_variant,brand_name_group,1,,,,,,
B1,B1,CASSINA,Ginger 20 M Portable Oak,Table,690000,전시중,"Designer : Joan Gaspar
Material : Oak / Lacquered black matte metal
Size : Ø195 x H300
Made in Spain",Joan Gaspar,Ø195 x H300,Oak / Lacquered black matte metal,,Spain,https://inscale.co.kr/web/product/big/202410/4aa110c9b270a3599416da0b3eec0e1c.jpg,https://inscale.co.kr/product/search.html?keyword=P00000ZO,,,P00000ZO,,Ginger 20 M Portable Oak,CASSINA,source_export,product_code,1,,,,,,
2F,2F,CASSINA,Modular Imagination,Product,3370000,전시중,"Designer : Virgil Abloh
Material : In recycled wood
Upholstery : Mat Black / Mat Orange Feet (RAL 2000) 
Size : W45 x D45
Made in Italy",Virgil Abloh,W45 x D45,In recycled wood,Mat Black / Mat Orange Feet (RAL 2000),Italy,https://inscale.co.kr/web/product/big/202410/10d6da73ba4f2a23cf0b148f0f238509.jpg,https://inscale.co.kr/product/search.html?keyword=P00000ZI,,,P00000ZI,,Modular Imagination,CASSINA,source_export,product_code,1,,,,,,
1F,1F,CASSINA,9 Side Table Walnut,Table,3470000,전시중,"Designer : Piero Lissoni
Top&Base : Mat american walnut
Size : Ø400 x H440, Ø490 x H440
Made in Italy",Piero Lissoni,"Ø400 x H440, Ø490 x H440",,,Italy,https://inscale.co.kr/web/product/big/202410/4e0dbd7c476db29adb9b4a64f11f774d.jpg,https://inscale.co.kr/product/search.html?keyword=P00000ZH,,,P00000ZH,,9 Side Table Walnut,CASSINA,source_export,product_code,1,,,,,,
1F,1F,CASSINA,LC4 Hairyskin,Product,11910000,전시중,"Designer : Le Corbusier, Pierre Jeanneret, Charlotte Perriand
Base : Polished chrome frame, Black enamel steel base
Upholstery : 13Z229 - bk/br/wht, 13Y414 Black – Headrest
Size : W560 x D1630 x H270 - 690
Made in Italy","Le Corbusier, Pierre Jeanneret, Charlotte Perriand",W560 x D1630 x H270 - 690,"13Z229 - bk/br/wht, 13Y414 Black – Headrest / Polished chrome frame, Black enamel steel base","13Z229 - bk/br/wht, 13Y414 Black – Headrest",Italy,https://inscale.co.kr/web/product/big/202410/3b8409a5f06fba995315e394036a4df7.jpg,https://inscale.co.kr/product/search.html?keyword=P00000ZE,,,P00000ZE,,LC4 Hairyskin,CASSINA,source_export,product_code,1,,,,,,
1F,1F,CASSINA,LC4 Ambra,Living Acc,11045000,전시중,"Designer : Le Corbusier, Pierre Jeanneret, Charlotte Perriand
Base : Polished chrome frame, Black enamel steel base
Upholstery : 13X201 Ambra – Seat cushion, 13Y414 Black – Headrest
Size : W560 x D1630 x H270 - 690
Made in Italy","Le Corbusier, Pierre Jeanneret, Charlotte Perriand",W560 x D1630 x H270 - 690,"13X201 Ambra – Seat cushion, 13Y414 Black – Headrest / Polished chrome frame, Black enamel steel base","13X201 Ambra – Seat cushion, 13Y414 Black – Headrest",Italy,https://inscale.co.kr/web/product/big/202309/a5bf2b2531fc8d380a72897ba01f3c37.jpg,https://inscale.co.kr/product/search.html?keyword=P00000ZD,,,P00000ZD,,LC4 Ambra,CASSINA,source_export,product_code,1,,,,,,
B1,B1,ARTEK,REB014 Kaari Wall Hook,Product,170000,전시중,"Designer : Ronan & Erwan Bouroullec 
Material : Solid oak, Flat rolled steel
Color : Oak&Black
Size : W740 x D110 x H325
Made in Poland",Ronan & Erwan Bouroullec,W740 x D110 x H325,"Solid oak, Flat rolled steel",Oak&Black,Poland,https://inscale.co.kr/web/product/big/202505/3d771364cda1b28ec7a5ab0beb683984.jpg,https://inscale.co.kr/product/search.html?keyword=P00000ZB,,,P00000ZB,,REB014 Kaari Wall Hook,ARTEK,source_export,product_code,1,,,,,,
B1,B1,ARTEK,Chair 66 white HPL,Chair,830000,전시중,"Designer : Alvar Aalto 
Material : Legs and Backrest in natural Lacquered Birch
Seat : White Laminate
Size : W390 x D420 x H455 or 435 - 800 
Made in Finland",Alvar Aalto,W390 x D420 x H455 or 435 - 800,Legs and Backrest in natural Lacquered Birch,,Finland,https://inscale.co.kr/web/product/big/202410/e2a723d5232f04b30180f6ed9027b159.jpg,https://inscale.co.kr/product/search.html?keyword=P00000ZA,,,P00000ZA,,Chair 66 white HPL,ARTEK,source_export,product_code,1,,,,,,
B1,B1,ARTEK,Table 81A,Table,2750000,전시중,"Designer : Alvar Aalto 
Color : Black & Birch
Material : Solid birch, Chipboard, Honeycomb, Linoleum
Size : W1500 x D750 x H740
Made in Finland",Alvar Aalto,W1500 x D750 x H740,"Solid birch, Chipboard, Honeycomb, Linoleum",Black & Birch,Finland,https://inscale.co.kr/web/product/big/202410/c22fa3bab618c1ddd2315c122e99bf3a.jpg,https://inscale.co.kr/product/search.html?keyword=P00000YZ,,,P00000YZ,,Table 81A,ARTEK,source_export,product_code,1,,,,,,
4F,4F,POLTRONA FRAU,Let it Be Sofa 2-seater Sofa,Sofa,22370000,전시중,"Designer : Ludovica Serafini + Roberto Palomba 
Base : Leather Cat. Saddle Caffe / Ruthenium Finish
Seat&Cushions : Leather Cat. SC 32 Caolino / Standard version
Size : W2510 x D1040 x H430-730
Cushion : 65 x 65 ￦1,380,000 
Made in Italy",Ludovica Serafini + Roberto Palomba,W2510 x D1040 x H430-730,Leather Cat. Saddle Caffe / Ruthenium Finish,,Italy,https://inscale.co.kr/web/product/big/202606/8ae5b1011b039349c8c7125d31622b56.jpg,https://inscale.co.kr/product/search.html?keyword=P00000YX,,,P00000YX,,Let it Be Sofa 2-seater Sofa,POLTRONA FRAU,source_export,product_code,1,,,,,,
3F,3F,KNOLL,Matic Credenza(on Feet),Product,15190000,전시중,"Designer : Piero Lissoni
Surface : Steel Panel Painted Charcoal
Top : Nero marquina (MN)
Base : Always painted charcoal
Size : W1800 x D650 x H405
Made in Italy",Piero Lissoni,W1800 x D650 x H405,Always painted charcoal / Nero marquina (MN),,Italy,https://inscale.co.kr/web/product/big/202410/24cedc22682a0a106204b475a606ddcd.jpg,https://inscale.co.kr/product/search.html?keyword=P00000YW,,,P00000YW,,Matic Credenza(on Feet),KNOLL,source_export,product_code,1,,,,,,
B1,B1,CASSINA,JABARA Sideboard Walnut,Cabinet & Storage,11700000,전시중,"Designer : SHINSAKU MIYAMOTO
Body : Walnut TL-BK Steel powder coated Black Base, Thick Leather Black Drawer, 2x shelf plate included
Size : W900 x D430 x H810",SHINSAKU MIYAMOTO,W900 x D430 x H810,,,,https://inscale.co.kr/web/product/big/202410/5c08e5d1af541c4f317eb498c02d66e9.jpg,https://inscale.co.kr/product/search.html?keyword=P00000YU,,,P00000YU,,JABARA Sideboard Walnut,CASSINA,source_export,product_code,1,,,,,,
1F,1F,CASSINA,Table en forme libre,Table,19350000,전시중,"Designer : Charlotte Perriand
Material : Matt Lacquered Wood /Black
Size : W2360 x D1070 x H740
Made in Italy",Charlotte Perriand,W2360 x D1070 x H740,Matt Lacquered Wood /Black,,Italy,https://inscale.co.kr/web/product/big/202409/0eba905913f8ebc394eaa15466c6d09d.jpg,https://inscale.co.kr/product/search.html?keyword=P00000YQ,,,P00000YQ,,Table en forme libre,CASSINA,source_export,product_code,1,,,,,,
1F,1F,CASSINA,LC3 Armchair Grade-Y TABACCO,Chair,13200000,전시중,"Designer : Le Corbusier, Pierre Jeanneret, Charlotte Perriand
Material : Feather Padding
Upholstery : Leather Grade Y, 13Y417 TABACCO
Frame : Chrome
Size : W990 x D730 xSH410 x H630
Made in Italy","Le Corbusier, Pierre Jeanneret, Charlotte Perriand",W990 x D730 xSH410 x H630,Feather Padding,"Leather Grade Y, 13Y417 TABACCO",Italy,https://inscale.co.kr/web/product/big/202409/006d4dd785a04d40988382b90b7b63ab.jpg,https://inscale.co.kr/product/search.html?keyword=P00000YL,,,P00000YL,,LC3 Armchair Grade-Y TABACCO,CASSINA,source_export,product_code,1,,,,,,
1F,1F,CASSINA,LC3  3 Seater Sofa Grade-Y TABACCO,Sofa,33010000,전시중,"Designer : Le Corbusier, Pierre Jeanneret, Charlotte Perriand
Material : Feather Padding
Upholstery : Leather Grade Y, 13Y417 TABACCO
Frame : Chrome
Size : W2690 x D930 x SH400 x H740
Made in Italy","Le Corbusier, Pierre Jeanneret, Charlotte Perriand",W2690 x D930 x SH400 x H740,Feather Padding,"Leather Grade Y, 13Y417 TABACCO",Italy,https://inscale.co.kr/web/product/big/202606/03942bf4b4e6d27c9424ecffd751bb64.jpg,https://inscale.co.kr/product/search.html?keyword=P00000YJ,,,P00000YJ,,LC3  3 Seater Sofa Grade-Y TABACCO,CASSINA,source_export,product_code,1,,,,,,
1F,1F,CASSINA,CAB 412 - Taupe,Product,3070000,전시중,"Designer : Mario Bellini
Material : Tubular steel frame, Saddle leather
Color : Taupe
Size : W520 x D490 x H450 - 820
Made in Italy",Mario Bellini,W520 x D490 x H450 - 820,"Tubular steel frame, Saddle leather",Taupe,Italy,https://inscale.co.kr/web/product/big/202408/31cf00022ef5a620f70f36e70922abaa.jpg,https://inscale.co.kr/product/search.html?keyword=P00000YI,,,P00000YI,,CAB 412 - Taupe,CASSINA,source_export,product_code,1,,,,,,
4F,4F,POLTRONA FRAU,John-John,Product,28080000,전시중,"Designer : Jean-Marie Massaud 
Base : Ruthenium-finished aluminium
Upholstery : Leather SC 66 india
Size : W2500 x D930 x H400 - 680
Made in Italy

[VARIANTS]
1. P00000YH / Leather SC 66 india / W2500 x D930 x H400 - 680 / 28080000
2. P00000YF / Leather SC 34 Maggese / W2500 x D930 x H400 - 680 / 28080000",Jean-Marie Massaud,W2500 x D930 x H400 - 680,Leather SC 66 india / Ruthenium-finished aluminium / Leather SC 34 Maggese / Ruthenium-finished aluminium,Leather SC 66 india / Leather SC 34 Maggese,Italy,https://inscale.co.kr/web/product/big/202408/7ea0054a4224dd5e334c342fc53070c7.jpg,https://inscale.co.kr/product/search.html?keyword=P00000YH,,2개 사양 통합 / 상품코드: P00000YH | P00000YF,P00000YH,,John-John,POLTRONA FRAU,consolidated_variant,brand_name_group,1,,,,,,
B1,B1,ARTEK,Side Table 915,Table,1930000,전시중,"Design : Alvar Aalto 
Color : White
Size : W490 x D590 x H590
Frame : Birch, Clear lacquer
Shelves : Birch, Black Lacquered
Made in Finland",Alvar Aalto,W490 x D590 x H590,"Birch, Clear lacquer",White,Finland,https://inscale.co.kr/web/product/big/202408/877dea0fbd6b9df7518990541ca78b04.jpg,https://inscale.co.kr/product/search.html?keyword=P00000YD,,,P00000YD,,Side Table 915,ARTEK,source_export,product_code,1,,,,,,
B1,B1,VITRA,EM Table (Wood) 2200,Table,8160000,전시중,"Designer : Jean Prouvé 
Top : Natural solid oak oiled
Base : 12 Deep black
Size : W2200 x D900 x H740
Made in Germany

[VARIANTS]
1. P00000YB / W2200 x D900 x H740 / 8160000
2. P00000QI / W2200 x D900 x H740 / 8160000",Jean Prouvé,W2200 x D900 x H740,12 Deep black / Natural solid oak oiled / Prouve Bleu Marcoule powder-coated Steel / Natural solid oak oiled,,Germany,https://inscale.co.kr/web/product/big/202308/fa0b5cdb3f1441244f57543343cf7a72.jpg,https://inscale.co.kr/product/search.html?keyword=P00000YB,,2개 사양 통합 / 상품코드: P00000YB | P00000QI,P00000YB,,EM Table (Wood) 2200,VITRA,consolidated_variant,brand_name_group,1,,,,,,
B1,B1,CASSINA,526 Nuage,Product,13630000,전시중,"Designer : Charlotte Perriand
Material : Natural Oak, Mat Black Partition
Size : W3100 x D34 
Made in Italy",Charlotte Perriand,W3100 x D34,"Natural Oak, Mat Black Partition",,Italy,https://inscale.co.kr/web/product/big/202406/d965c626cf3ff8bfec413103355be866.jpg,https://inscale.co.kr/product/search.html?keyword=P00000XV,,,P00000XV,,526 Nuage,CASSINA,source_export,product_code,1,,,,,,
B1,B1,CASSINA,526 Nuage ST WALL-MOUNTED,Product,6260000,전시중,"Designer : Charlotte Perriand
Material : Natural Oak, Matt Black Partition
Door : Glossy Yellow Enamel
Size : W1520 x D340 x H390
Made in Italy

[VARIANTS]
1. P00000XU / W1520 x D340 x H390 / 6260000
2. P00000XT / W1520 x D340 x H390 / 6260000",Charlotte Perriand,W1520 x D340 x H390,"Natural Oak, Matt Black Partition / Natural Oak, Mat Black Partition",,Italy,https://inscale.co.kr/web/product/big/202406/540f62bd92aeb2a50599bb3a27a7bf5f.jpg,https://inscale.co.kr/product/search.html?keyword=P00000XU,,2개 사양 통합 / 상품코드: P00000XU | P00000XT,P00000XU,,526 Nuage ST WALL-MOUNTED,CASSINA,consolidated_variant,brand_name_group,1,,,,,,
B1,B1,VITRA,Colour Frame Mirror - Large,Living Acc,1762000,전시중,"Designer : Julie Richoz 
Material : Glass, Lacquered ash
Color : Blue / Orange
Size : 1400 x 580 
Made in Germany

[VARIANTS]
1. P00000XS / Blue / Orange / 1400 x 580 / 1762000
2. P00000XR / Green / Pink / 1400 x 580 / 1762000
3. P00000XQ / Neutral / 1400 x 580 / 1762000",Julie Richoz,1400 x 580,"Glass, Lacquered ash",Blue / Orange / Green / Pink / Neutral,Germany,https://inscale.co.kr/web/product/big/202406/1f8d47205e441211dc3ee5549f87a349.jpg,https://inscale.co.kr/product/search.html?keyword=P00000XS,,3개 사양 통합 / 상품코드: P00000XS | P00000XR | P00000XQ,P00000XS,,Colour Frame Mirror - Large,VITRA,consolidated_variant,brand_name_group,1,,,,,,
B1,B1,VITRA,Colour Frame Mirror - Medium,Living Acc,1368000,전시중,"Designer : Julie Richoz 
Material : Glass, Lacquered ash
Color : Blue / Orange
Size : 910 x 480 
Made in Germany

[VARIANTS]
1. P00000XP / Blue / Orange / 910 x 480 / 1368000
2. P00000XO / Green / Pink / 910 x 480 / 1368000",Julie Richoz,910 x 480,"Glass, Lacquered ash",Blue / Orange / Green / Pink,Germany,https://inscale.co.kr/web/product/big/202406/24892a12451a314eb1612a48a5ff9a03.jpg,https://inscale.co.kr/product/search.html?keyword=P00000XP,,2개 사양 통합 / 상품코드: P00000XP | P00000XO,P00000XP,,Colour Frame Mirror - Medium,VITRA,consolidated_variant,brand_name_group,1,,,,,,
B1,B1,VITRA,Colour Frame Mirror - Small,Living Acc,974000,전시중,"Designer : Julie Richoz 
Material : Glass, Lacquered ash
Color : Neutral
Size : 385 x 480 
Made in Germany

[VARIANTS]
1. P00000XN / Neutral / 385 x 480 / 974000
2. P00000XM / Green / Pink / 385 x 480 / 974000
3. P00000XL / Blue / Orange / 385 x 480 / 974000",Julie Richoz,385 x 480,"Glass, Lacquered ash",Neutral / Green / Pink / Blue / Orange,Germany,https://inscale.co.kr/web/product/big/202406/255eeb710bb6acfee39bd8fe564a1cf5.jpg,https://inscale.co.kr/product/search.html?keyword=P00000XN,,3개 사양 통합 / 상품코드: P00000XN | P00000XM | P00000XL,P00000XN,,Colour Frame Mirror - Small,VITRA,consolidated_variant,brand_name_group,1,,,,,,
B1,B1,HERMAN MILLER,Eames Hang-It-All Dark Blue,Product,640000,전시중,"Design : Charles & Ray Eames 
Coat hook : Maple
Frame : Dark Blue powder coated steel
Size : W501 x D165 x H367
Made in USA",Charles & Ray Eames,W501 x D165 x H367,Dark Blue powder coated steel,,USA,https://inscale.co.kr/web/product/big/202402/101bf4bb64ad9536e0c8e66b3d4fb2cb.jpg,https://inscale.co.kr/product/search.html?keyword=P00000XH,,,P00000XH,,Eames Hang-It-All Dark Blue,HERMAN MILLER,source_export,product_code,1,,,,,,
B1,B1,HERMAN MILLER,Eames Hang-It-All White,Product,420000,전시중,"Design : Charles & Ray Eames 
Coat hook : White Wood
Frame : White powder coated steel
Size : W501 x D165 x H367
Made in USA",Charles & Ray Eames,W501 x D165 x H367,White powder coated steel,,USA,https://inscale.co.kr/web/product/big/202402/db6f794fbec72ff0649d062e177ed476.jpg,https://inscale.co.kr/product/search.html?keyword=P00000XG,,,P00000XG,,Eames Hang-It-All White,HERMAN MILLER,source_export,product_code,1,,,,,,
3F,3F,KNOLL,Cesca ArmChair,Chair,2210000,전시중,"Designer : Marcel Breuer
Seat & Back : Black Satin Stain (Machine Woven Cane)
Frame : Tubular steel
Size : W560 x D580 x H460 - 800 
Made in Italy

[VARIANTS]
1. P00000WX / W560 x D580 x H460 - 800 / 2210000
2. P00000WW / W560 x D580 x H460 - 800 / 2210000",Marcel Breuer,W560 x D580 x H460 - 800,Tubular steel,,Italy,https://inscale.co.kr/web/product/big/202402/db8566a126b6bba2b7a7790c16e3092e.jpg,https://inscale.co.kr/product/search.html?keyword=P00000WX,,2개 사양 통합 / 상품코드: P00000WX | P00000WW,P00000WX,,Cesca ArmChair,KNOLL,consolidated_variant,brand_name_group,1,,,,,,
3F,3F,KNOLL,Cesca Chair,Chair,1610000,전시중,"Designer : Marcel Breuer
Seat & Back : Black Satin Stain (Machine Woven Cane)
Frame : Tubular steel
Size : W460 x D580 x H460 - 800
Made in Italy

[VARIANTS]
1. P00000WV / W460 x D580 x H460 - 800 / 1610000
2. P00000WT / W460 x D580 x H460-800 / 1610000",Marcel Breuer,W460 x D580 x H460 - 800 / W460 x D580 x H460-800,Tubular steel,,Italy,https://inscale.co.kr/web/product/big/202402/b6e18473876539554cad5a9165af189d.jpg,https://inscale.co.kr/product/search.html?keyword=P00000WV,,2개 사양 통합 / 상품코드: P00000WV | P00000WT,P00000WV,,Cesca Chair,KNOLL,consolidated_variant,brand_name_group,1,,,,,,
3F,3F,KNOLL,Saarinen Round Side 410 - Verde Alpi,Product,3930000,전시중,"Designer : Eero Saarinen
Top : Verde Alpi Marble (Satin)
Base : Black Rilsan
Size : Ø410 x H510
Made in Italy",Eero Saarinen,Ø410 x H510,Black Rilsan / Verde Alpi Marble (Satin),,Italy,https://inscale.co.kr/web/product/big/202402/bef8465f90b80bca9c3899145cf54d35.jpg,https://inscale.co.kr/product/search.html?keyword=P00000WS,,,P00000WS,,Saarinen Round Side 410 - Verde Alpi,KNOLL,source_export,product_code,1,,,,,,
3F,3F,KNOLL,Saarinen Round Side 410 - Nero Marquina,Product,3240000,전시중,"Designer : Eero Saarinen
Top : Nero Marquina Marble
Base : Black Rilsan
Size : Ø410 x H510
Made in Italy",Eero Saarinen,Ø410 x H510,Black Rilsan / Nero Marquina Marble,,Italy,https://inscale.co.kr/web/product/big/202402/fd9352af839d0bd0d269079d7de8c3db.jpg,https://inscale.co.kr/product/search.html?keyword=P00000WR,,,P00000WR,,Saarinen Round Side 410 - Nero Marquina,KNOLL,source_export,product_code,1,,,,,,
3F,3F,KNOLL,Saarinen Round Side 410 - Statuarietto,Product,3040000,전시중,"Designer : Eero Saarinen
Top : Statuarietto Marble
Base : White Rilsan
Size : Ø410 x H510
Made in Italy",Eero Saarinen,Ø410 x H510,White Rilsan / Statuarietto Marble,,Italy,https://inscale.co.kr/web/product/big/202402/975f27352bb5b685272f8181a0828360.jpg,https://inscale.co.kr/product/search.html?keyword=P00000WQ,,,P00000WQ,,Saarinen Round Side 410 - Statuarietto,KNOLL,source_export,product_code,1,,,,,,
3F,3F,KNOLL,Saarinen Round Side 410 - Arabescato,Product,2860000,전시중,"Designer : Eero Saarinen
Top : Arabescato Marble
Base : White Rilsan
Size : Ø410 x H510
Made in Italy",Eero Saarinen,Ø410 x H510,White Rilsan / Arabescato Marble,,Italy,https://inscale.co.kr/web/product/big/202402/32de162de94fd8e4def3b53e80ef506c.jpg,https://inscale.co.kr/product/search.html?keyword=P00000WP,,,P00000WP,,Saarinen Round Side 410 - Arabescato,KNOLL,source_export,product_code,1,,,,,,
3F,3F,KNOLL,Saarinen Round Side 510 - Verde Alpi,Product,4690000,전시중,"Designer : Eero Saarinen
Top : Verde Alpi Marble
Base : Black Rilsan
Size : Ø510 x H520
Made in Italy",Eero Saarinen,Ø510 x H520,Black Rilsan / Verde Alpi Marble,,Italy,https://inscale.co.kr/web/product/big/202402/b06c7a1a1f3cbe9ad4a43e19b5d2d5cd.jpg,https://inscale.co.kr/product/search.html?keyword=P00000WO,,,P00000WO,,Saarinen Round Side 510 - Verde Alpi,KNOLL,source_export,product_code,1,,,,,,
3F,3F,KNOLL,Saarinen Round Side 510 - Nero Marquina,Product,3380000,전시중,"Designer : Eero Saarinen
Top : Nero Marquina Marble
Base : Black Rilsan
Size : Ø510 x H520
Made in Italy",Eero Saarinen,Ø510 x H520,Black Rilsan / Nero Marquina Marble,,Italy,https://inscale.co.kr/web/product/big/202402/1ed8d6b81f2a9c9e65611ee86e099f5a.jpg,https://inscale.co.kr/product/search.html?keyword=P00000WN,,,P00000WN,,Saarinen Round Side 510 - Nero Marquina,KNOLL,source_export,product_code,1,,,,,,
3F,3F,KNOLL,Saarinen Round Side 510 - Statuarietto,Product,3110000,전시중,"Designer : Eero Saarinen
Top : Statuarietto Marble
Base : White Rilsan
Size : Ø510 x H520
Made in Italy",Eero Saarinen,Ø510 x H520,White Rilsan / Statuarietto Marble,,Italy,https://inscale.co.kr/web/product/big/202402/34b2594f8376eac4d28009ddaf116ca8.jpg,https://inscale.co.kr/product/search.html?keyword=P00000WM,,,P00000WM,,Saarinen Round Side 510 - Statuarietto,KNOLL,source_export,product_code,1,,,,,,
3F,3F,KNOLL,Saarinen Round Side 510 - Arabescato,Product,2900000,전시중,"Designer : Eero Saarinen
Top : Arabescato Marble
Base : White Rilsan
Size : Ø510 x H520
Made in Italy",Eero Saarinen,Ø510 x H520,White Rilsan / Arabescato Marble,,Italy,https://inscale.co.kr/web/product/big/202402/dbcf9593ba82d212619739c4712970c2.jpg,https://inscale.co.kr/product/search.html?keyword=P00000WL,,,P00000WL,,Saarinen Round Side 510 - Arabescato,KNOLL,source_export,product_code,1,,,,,,
3F,3F,KNOLL,Saarinen Round Coffee 910 - Statuarietto,Product,8790000,전시중,"Designer : Eero Saarinen
Top : Statuarietto Marble
Base : White Rilsan
Size : Ø910 x H730
Made in Italy",Eero Saarinen,Ø910 x H730,White Rilsan / Statuarietto Marble,,Italy,https://inscale.co.kr/web/product/big/202402/7e06a35e5b5a14993265325bbac1ac96.jpg,https://inscale.co.kr/product/search.html?keyword=P00000WJ,,,P00000WJ,,Saarinen Round Coffee 910 - Statuarietto,KNOLL,source_export,product_code,1,,,,,,
3F,3F,KNOLL,Saarinen Round Coffee 910 - Arabescato,Product,8360000,전시중,"Designer : Eero Saarinen
Top : Arabescato Marble
Base : White Rilsan
Size : Ø910 x H730
Made in Italy",Eero Saarinen,Ø910 x H730,White Rilsan / Arabescato Marble,,Italy,https://inscale.co.kr/web/product/big/202402/9a530be49698b2059e56a93ddabf0d95.jpg,https://inscale.co.kr/product/search.html?keyword=P00000WI,,,P00000WI,,Saarinen Round Coffee 910 - Arabescato,KNOLL,source_export,product_code,1,,,,,,
3F,3F,KNOLL,Saarinen Round 1070 - Statuarietto,Product,10120000,전시중,"Designer : Eero Saarinen
Top : Statuarietto Marble
Base : White Rilsan
Size : Ø1070 x H730
Made in Italy",Eero Saarinen,Ø1070 x H730,White Rilsan / Statuarietto Marble,,Italy,https://inscale.co.kr/web/product/big/202402/37b1329cca9bf5e3541357b2b739d525.jpg,https://inscale.co.kr/product/search.html?keyword=P00000WH,,,P00000WH,,Saarinen Round 1070 - Statuarietto,KNOLL,source_export,product_code,1,,,,,,
3F,3F,KNOLL,Saarinen Round 1070 - Arabescato,Product,9640000,전시중,"Designer : Eero Saarinen
Top : Arabescato Marble
Base : White Rilsan
Size : Ø1070 x H730
Made in Italy",Eero Saarinen,Ø1070 x H730,White Rilsan / Arabescato Marble,,Italy,https://inscale.co.kr/web/product/big/202402/41e9d801ba7d23b97c20666d2dae41ec.jpg,https://inscale.co.kr/product/search.html?keyword=P00000WG,,,P00000WG,,Saarinen Round 1070 - Arabescato,KNOLL,source_export,product_code,1,,,,,,
3F,3F,KNOLL,Saarinen Round 1200 - Statuarietto,Product,11520000,전시중,"Designer : Eero Saarinen
Top : Statuarietto Marble
Base : White Rilsan
Size : Ø1200 x H720
Made in Italy",Eero Saarinen,Ø1200 x H720,White Rilsan / Statuarietto Marble,,Italy,https://inscale.co.kr/web/product/big/202402/6deccc8e9a40ce968d6f1506e6de72ed.jpg,https://inscale.co.kr/product/search.html?keyword=P00000WD,,,P00000WD,,Saarinen Round 1200 - Statuarietto,KNOLL,source_export,product_code,1,,,,,,
1F,1F,CASSINA,Tabouret Meribel - American Walnut,Product,1960000,전시중,"Designer : Charlotte Perriand
Color : Walnut
Material : American walnut
Size : Ø330 x H384
Made in Italy",Charlotte Perriand,Ø330 x H384,American walnut,Walnut,Italy,https://inscale.co.kr/web/product/big/202312/a9f4c96614502a7fe488c57fecbad82f.jpg,https://inscale.co.kr/product/search.html?keyword=P00000VG,,,P00000VG,,Tabouret Meribel - American Walnut,CASSINA,source_export,product_code,1,,,,,,
1F,1F,CASSINA,Tabouret Berger - American Walnut,Product,1600000,전시중,"Designer : Charlotte Perriand
Color : Walnut
Material : American walnut
Size : Ø330 x H267
Made in Italy",Charlotte Perriand,Ø330 x H267,American walnut,Walnut,Italy,https://inscale.co.kr/web/product/big/202312/470c438f02e58b06dda565f4fae8fc39.jpg,https://inscale.co.kr/product/search.html?keyword=P00000VF,,,P00000VF,,Tabouret Berger - American Walnut,CASSINA,source_export,product_code,1,,,,,,
1F,1F,CASSINA,Sestiere - Light Blue / Petrol Green,Lighting,2820000,전시중,"Designer : Patricia Urquiola
Color : Light blue bod & petrol green cords with black rigadin
Material : Blown vase in colored Murano glass
Size : ∅270 x H260
Made in Italy",Patricia Urquiola,∅270 x H260,Blown vase in colored Murano glass,Light blue bod & petrol green cords with black rigadin,Italy,https://inscale.co.kr/web/product/big/202312/70f209ad4c518b44b45f0cb579420bf5.jpg,https://inscale.co.kr/product/search.html?keyword=P00000VE,,,P00000VE,,Sestiere - Light Blue / Petrol Green,CASSINA,source_export,product_code,1,,,,,,
1F,1F,CASSINA,Deadline Mirror - 2 Crossing Paths,Living Acc,2360000,전시중,"Designer : Ron Gilad
Product : 2 Crossing Paths
Frame : Natural ashwood frame
Size : W500 x H700
Made in Italy",Ron Gilad,W500 x H700,Natural ashwood frame,,Italy,https://inscale.co.kr/web/product/big/202312/317ff97dd82600dd789bc8d8b6fbdd1a.jpg,https://inscale.co.kr/product/search.html?keyword=P00000VB,,,P00000VB,,Deadline Mirror - 2 Crossing Paths,CASSINA,source_export,product_code,1,,,,,,
2F,2F,CASSINA,Deadline Mirror - 200 Lines of realism,Living Acc,3410000,전시중,"Designer : Ron Gilad
Product : 200 Lines of realism
Frame : Natural ashwood frame
Size : W1000 x H1000
Made in Italy",Ron Gilad,W1000 x H1000,Natural ashwood frame,,Italy,https://inscale.co.kr/web/product/big/202312/259bb043c2f327fb008c06fbe66475e3.jpg,https://inscale.co.kr/product/search.html?keyword=P00000UX,,,P00000UX,,Deadline Mirror - 200 Lines of realism,CASSINA,source_export,product_code,1,,,,,,
1F,1F,CASSINA,Deadline Mirror - Reflections about spatialism NT,Living Acc,3410000,전시중,"Designer : Ron Gilad
Product : Reflections about spatialism
Frame : Natural ashwood frame
Size : W1000 x H1000
Made in Italy",Ron Gilad,W1000 x H1000,Natural ashwood frame,,Italy,https://inscale.co.kr/web/product/big/202312/0660f2d0d22ac8723ec74714af0a5380.jpg,https://inscale.co.kr/product/search.html?keyword=P00000UW,,,P00000UW,,Deadline Mirror - Reflections about spatialism NT,CASSINA,source_export,product_code,1,,,,,,
1F,1F,CASSINA,Deadline Mirror - Cesare & Adele NT,Living Acc,3410000,전시중,"Designer : Ron Gilad
Product : Cesare & Adele
Frame : Natural ashwood frame
Size : W400 x H1700
Made in Italy",Ron Gilad,W400 x H1700,Natural ashwood frame,,Italy,https://inscale.co.kr/web/product/big/202312/7b1d507cc9886aa9772b99c23aacb4e3.jpg,https://inscale.co.kr/product/search.html?keyword=P00000UV,,,P00000UV,,Deadline Mirror - Cesare & Adele NT,CASSINA,source_export,product_code,1,,,,,,
1F,1F,CASSINA,Deadline Mirror - Blue Deadline NT,Living Acc,3410000,전시중,"Designer : Ron Gilad
Product : Blue Deadline
Frame : Natural ashwood frame
Size : W400 x H1700
Made in Italy",Ron Gilad,W400 x H1700,Natural ashwood frame,,Italy,https://inscale.co.kr/web/product/big/202312/af899e6c93cb7a8f9cb33c8918da985d.jpg,https://inscale.co.kr/product/search.html?keyword=P00000UU,,,P00000UU,,Deadline Mirror - Blue Deadline NT,CASSINA,source_export,product_code,1,,,,,,
3F,3F,FLOS,Luminator,Product,1810000,전시중,"Designer : Achille & Pier Giacomo Castiglioni
Color : Red
Material : Aluminum, Polycarbonate
Size : W600 x H1890
*전구 포함 
Made in Italy

[VARIANTS]
1. P00000UT / Red / W600 x H1890 / 1810000
2. P00000US / Yellow / W600 x H1890 / 1810000
3. P00000UP / White / W600 x H1890 / 1810000",Achille & Pier Giacomo Castiglioni,W600 x H1890,"Aluminum, Polycarbonate",Red / Yellow / White,Italy,https://inscale.co.kr/web/product/big/202312/5282691fa1148c019de90deef3db3ce2.jpg,https://inscale.co.kr/product/search.html?keyword=P00000UT,,3개 사양 통합 / 상품코드: P00000UT | P00000US | P00000UP,P00000UT,,Luminator,FLOS,consolidated_variant,brand_name_group,1,,,,,,
B1,B1,ARTEMIDE,[Order]Tolomeo Mini Table Lamp Aluminum,Table,730000,전시중,"Designer : Michele De Lucchi & Giancarlo Fassina
Shade : Aluminium
Body : Aluminum, Steel
Size : w680 x H540
Made in Italy",Michele De Lucchi & Giancarlo Fassina,w680 x H540,,,Italy,https://inscale.co.kr/web/product/big/202309/d79b3dbae22fd161e9df93257ee6eb43.jpg,https://inscale.co.kr/product/search.html?keyword=P00000UR,,,P00000UR,,[Order]Tolomeo Mini Table Lamp Aluminum,ARTEMIDE,source_export,product_code,1,,,,,,
B1,B1,VITRA,Vitra Wooden Doll - NO.9,Product,247000,전시중,"Design : Alexander Girard 
Product : No.9
Material : Solid fir, hand painted
Size : W60 x H205
Made in Germany",Alexander Girard,W60 x H205,"Solid fir, hand painted",,Germany,https://inscale.co.kr/web/product/big/202312/3f44fd997b538c90034dbe379c766a19.jpg,https://inscale.co.kr/product/search.html?keyword=P00000UF,,,P00000UF,,Vitra Wooden Doll - NO.9,VITRA,source_export,product_code,1,,,,,,
B1,B1,VITRA,Vitra Wooden Doll - NO.12,Product,247000,전시중,"Designer : Alexander Girard 
Product : No.12
Material : Solid fir, Hand painted
Size : W80 x H180
Made in Germany",Alexander Girard,W80 x H180,"Solid fir, Hand painted",,Germany,https://inscale.co.kr/web/product/big/202312/f63307af7dd3474c2c0138fe08243589.jpg,https://inscale.co.kr/product/search.html?keyword=P00000UG,,,P00000UG,,Vitra Wooden Doll - NO.12,VITRA,source_export,product_code,1,,,,,,
B1,B1,VITRA,Vitra Wooden Doll - NO.20,Product,247000,전시중,"Design : Alexander Girard 
Product : No.20
Material : Solid fir, hand painted
Size : W65 x H235
Made in Germany",Alexander Girard,W65 x H235,"Solid fir, hand painted",,Germany,https://inscale.co.kr/web/product/big/202312/b84c093c8137e9c43808ed8e20b7ee68.jpg,https://inscale.co.kr/product/search.html?keyword=P00000UH,,,P00000UH,,Vitra Wooden Doll - NO.20,VITRA,source_export,product_code,1,,,,,,
B1,B1,VITRA,Vitra Wooden Doll - Little Devil,Product,247000,전시중,"Design : Alexander Girard 
Product : Little Devil
Material : Solid fir, hand painted
Size : W45 x H140
Made in Germany",Alexander Girard,W45 x H140,"Solid fir, hand painted",,Germany,https://inscale.co.kr/web/product/big/202312/23a78a909636f0f70c468dc6cb16443d.jpg,https://inscale.co.kr/product/search.html?keyword=P00000UI,,,P00000UI,,Vitra Wooden Doll - Little Devil,VITRA,source_export,product_code,1,,,,,,
B1,B1,FLOS,Oblique,Product,640000,전시중,"Design : Vincent Van Duysen
Material : Die-cast aluminum, LED 2700K
Color : Matt White 
Size : Ø120 - 155 x H350
Made in Italy",Vincent Van Duysen,Ø120 - 155 x H350,"Die-cast aluminum, LED 2700K",Matt White,Italy,https://inscale.co.kr/web/product/big/202309/92d04b5239eabdae74c8b056c30f6922.jpg,https://inscale.co.kr/product/search.html?keyword=P00000UE,,,P00000UE,,Oblique,FLOS,source_export,product_code,1,,,,,,
2F,2F,CASSINA,LC20 Casier,Product,25030000,전시중,"Designer : Le Corbusier, Pierre Jeanneret, Charlotte Perriand
Structure : Mud-stained oak
Inner : Grey-stained oak
Base : Grey lacquered metal
Composition : 3 containers (open/doors/open), Metal pedestal with 2 supports
Size : W2250 x D380 x H1130
Made in Italy","Le Corbusier, Pierre Jeanneret, Charlotte Perriand",W2250 x D380 x H1130,Grey lacquered metal,,Italy,https://inscale.co.kr/web/product/big/202312/a86d86b076565943e21b74ec494a2865.jpg,https://inscale.co.kr/product/search.html?keyword=P00000TU,,,P00000TU,,LC20 Casier,CASSINA,source_export,product_code,1,,,,,,
2F,2F,CASSINA,Post Scriptum,Living Acc,"2320000
2500000",전시중,"Designer : Formafantasma
Color : Black Touches
Material : White porcelain vases, Hand decorated
Size : Ø230 x H280
Made in Italy

[VARIANTS]
1. P00000TT / Black Touches / Ø230 x H280 / 2320000
2. P00000TS / Large Black mesh / Ø180 x H280 / 2500000",Formafantasma,Ø230 x H280 / Ø180 x H280,"White porcelain vases, Hand decorated",Black Touches / Large Black mesh,Italy,https://inscale.co.kr/web/product/big/202312/ebfa68268c9cf1d94e64e74265feb915.jpg,https://inscale.co.kr/product/search.html?keyword=P00000TT,,2개 사양 통합 / 상품코드: P00000TT | P00000TS,P00000TT,,Post Scriptum,CASSINA,consolidated_variant,brand_name_group,1,,,,,,
3F,3F,KNOLL,Tulip Arm Chair,Chair,"4550000
5410000
4670000",전시중,"Designer : Eero Saarinen 
Seat shell : Molded fiberglass
Base : Heavy molded cast aluminum, Powder coat paint
Color : Fabric Cat. C (Tonus-216)
Size : W680 x D590 x H480 - 810
Made in Italy

[VARIANTS]
1. P00000TI / Fabric Cat. C (Tonus-216) / W680 x D590 x H480 - 810 / 4550000
2. P00000IW / Leather Y. AU613 / White / W680 x D590 x H480 - 810 / 5410000
3. P00000IX / Fabric Cat G. West 12 WE Green / W680 x D590 x H480 - 810 / 4550000
4. P00000IV / White / Fabric Cat C. Tonus 132T Dark Blue / W680 x D590 x H480 - 810 / 4670000
5. P00000FB / White / Fabric Cat C. Tonus 440T Mideum Yellow / W680 x D590 x H480 - 810 / 4670000",Eero Saarinen,W680 x D590 x H480 - 810,"Heavy molded cast aluminum, Powder coat paint",Fabric Cat. C (Tonus-216) / Leather Y. AU613 / White / Fabric Cat G. West 12 WE Green / White / Fabric Cat C. Tonus 132T Dark Blue / White / Fabric Cat C. Tonus 440T Mideum Yellow,Italy,https://inscale.co.kr/web/product/big/202311/07989fd86cfe63a6180f3140fd6c2c14.jpg,https://inscale.co.kr/product/search.html?keyword=P00000TI,,5개 사양 통합 / 상품코드: P00000TI | P00000IW | P00000IX | P00000IV | P00000FB,P00000TI,,Tulip Arm Chair,KNOLL,consolidated_variant,brand_name_group,1,,,,,,
B1,B1,VITRA,Compas Direction,Product,4390000,전시중,"Designer : Jean Prouvé 
Material : Natural oak , Steel
Color : Black
Size : W1250 x D600 x H730
Made in Germany

[VARIANTS]
1. P00000TF / Black / W1250 x D600 x H730 / 4390000
2. P00000HS / Japanese Red / W1250 x D600 x H730 / 4390000",Jean Prouvé,W1250 x D600 x H730,"Natural oak , Steel",Black / Japanese Red,Germany,https://inscale.co.kr/web/product/big/202311/814c5094dff1a45ecb0aea7feacd2b70.jpg,https://inscale.co.kr/product/search.html?keyword=P00000TF,,2개 사양 통합 / 상품코드: P00000TF | P00000HS,P00000TF,,Compas Direction,VITRA,consolidated_variant,brand_name_group,1,,,,,,
3F,3F,CASSINA,Capitol Armchair - LCX Bianco,Chair,8660000,전시중,"Designer : Pierre Jeanneret
Material : Leather Cat.X (LCX247 Bianco)
Frame : Oak Stained Black
Size : W690 x D760 x H370 - 370
Made in Italy",Pierre Jeanneret,W690 x D760 x H370 - 370,Leather Cat.X (LCX247 Bianco),,Italy,https://inscale.co.kr/web/product/big/202311/8abbdcc73145ce0fe6385ab94ba38e12.jpg,https://inscale.co.kr/product/search.html?keyword=P00000TD,,,P00000TD,,Capitol Armchair - LCX Bianco,CASSINA,source_export,product_code,1,,,,,,
2F,2F,CASSINA,Le Monde de Charlotte Perriand - Set of 2 dessert plates ( 4size ),Product,510000,전시중,"Designer : Charlotte Perriand x Ginori 1735
Size : 20cm, 20.5 cm, 27 cm, 33 cm
Made in Italy",Charlotte Perriand x Ginori 1735,"20cm, 20.5 cm, 27 cm, 33 cm",,,Italy,https://inscale.co.kr/web/product/big/202311/0ddb0921b90d3cb10b5680c1b35ef6db.jpg,https://inscale.co.kr/product/search.html?keyword=P00000SY,,,P00000SY,,Le Monde de Charlotte Perriand - Set of 2 dessert plates ( 4size ),CASSINA,source_export,product_code,1,,,,,,
2F,2F,CASSINA,Colourdisc - Medium,Living Acc,5140000,전시중,"Designer : Bethan Laura wood
Glass : Colored Murano
Material : Vase - painted brass
Size : Ø200 x H330
Made in Italy",Bethan Laura wood,Ø200 x H330,Vase - painted brass,,Italy,https://inscale.co.kr/web/product/big/202311/7b2a2557c9bb24cd9395ee082d33cb19.jpg,https://inscale.co.kr/product/search.html?keyword=P00000SX,,,P00000SX,,Colourdisc - Medium,CASSINA,source_export,product_code,1,,,,,,
2F,2F,CASSINA,Colourdisc - Low,Living Acc,5140000,전시중,"Designer : Bethan Laura wood
Glass : Colored Murano
Material : Vase - painted brass
Size : Ø300 x H240
Made in Italy",Bethan Laura wood,Ø300 x H240,Vase - painted brass,,Italy,https://inscale.co.kr/web/product/big/202311/494fb8d913ea3e32773e880268afcee0.jpg,https://inscale.co.kr/product/search.html?keyword=P00000SW,,,P00000SW,,Colourdisc - Low,CASSINA,source_export,product_code,1,,,,,,
2F,2F,CASSINA,Sestiere - Amethyst / Lemon yellow,Living Acc,2820000,전시중,"Designer : Patricia Urquiola
Color : Amethyst body & Lemon yellow cords with black rigadin
Material : Blown vase in colored Murano glass
Size : ∅270 x H260
Made in Italy",Patricia Urquiola,∅270 x H260,Blown vase in colored Murano glass,Amethyst body & Lemon yellow cords with black rigadin,Italy,https://inscale.co.kr/web/product/big/202312/d47c1f325468a28b6d2d93b686a7597b.jpg,https://inscale.co.kr/product/search.html?keyword=P00000SV,,,P00000SV,,Sestiere - Amethyst / Lemon yellow,CASSINA,source_export,product_code,1,,,,,,
2F,2F,CASSINA,Sestiere - Sea teal / Carrot,Living Acc,3200000,전시중,"Designer : Patricia Urquiola
Color : Sea teal body & carrot red cords with black
Material : Blown vase in colored Murano glass
Size : ∅230 x H370
Made in Italy",Patricia Urquiola,∅230 x H370,Blown vase in colored Murano glass,Sea teal body & carrot red cords with black,Italy,https://inscale.co.kr/web/product/big/202312/63201542e62e430e7456fb0c2fddbe68.jpg,https://inscale.co.kr/product/search.html?keyword=P00000SU,,,P00000SU,,Sestiere - Sea teal / Carrot,CASSINA,source_export,product_code,1,,,,,,
1F,1F,CASSINA,Sestiere - Topaz / Periwinkle,Living Acc,3200000,전시중,"Designer : Patricia Urquiola
Color : Topaz body & periwinkle cords with black
Material : Blown vase in colored Murano glass
Size : ∅230 x H370
Made in Italy",Patricia Urquiola,∅230 x H370,Blown vase in colored Murano glass,Topaz body & periwinkle cords with black,Italy,https://inscale.co.kr/web/product/big/202312/576aa12ddbe793f8ecb0680fcffab910.jpg,https://inscale.co.kr/product/search.html?keyword=P00000ST,,,P00000ST,,Sestiere - Topaz / Periwinkle,CASSINA,source_export,product_code,1,,,,,,
2F,2F,CASSINA,Otero Mirror,Living Acc,1350000,전시중,"Designer : Studio Simon
Construction : Ground clear glass, Polyester painted support with polished mirror finish
Size : W190 x D40 x H1810
Made in Italy",Studio Simon,W190 x D40 x H1810,,,Italy,https://inscale.co.kr/web/product/big/202311/1fe5585f823464d95f33113612f75db5.jpg,https://inscale.co.kr/product/search.html?keyword=P00000SS,,,P00000SS,,Otero Mirror,CASSINA,source_export,product_code,1,,,,,,
1F,1F,CASSINA,Deadline Mirror - Blue Deadline BK,Living Acc,3410000,전시중,"Designer : Ron Gilad
Product : Blue Deadline
Frame : Black stained ashwood frame
Size : W400 x H1700
Made in Italy",Ron Gilad,W400 x H1700,Black stained ashwood frame,,Italy,https://inscale.co.kr/web/product/big/202312/64c1a07efc82654b115e61c8db64cecb.jpg,https://inscale.co.kr/product/search.html?keyword=P00000SR,,,P00000SR,,Deadline Mirror - Blue Deadline BK,CASSINA,source_export,product_code,1,,,,,,
1F,1F,CASSINA,Deadline Mirror - Cesare & Adele BK,Living Acc,3410000,전시중,"Designer : Ron Gilad
Product : Cesare & Adele
Frame : Black stained ashwood frame
Size : W400 x H1700
Made in Italy",Ron Gilad,W400 x H1700,Black stained ashwood frame,,Italy,https://inscale.co.kr/web/product/big/202312/c9748095c6d4ed93e82fc04f6730d8ce.jpg,https://inscale.co.kr/product/search.html?keyword=P00000SQ,,,P00000SQ,,Deadline Mirror - Cesare & Adele BK,CASSINA,source_export,product_code,1,,,,,,
1F,1F,CASSINA,Deadline Mirror - Reflections about spatialism BK,Living Acc,3410000,전시중,"Designer : Ron Gilad
Product : Reflections about spatialism
Frame : Black stained ashwood frame
Size : W1000 x H1000
Made in Italy",Ron Gilad,W1000 x H1000,Black stained ashwood frame,,Italy,https://inscale.co.kr/web/product/big/202312/9c420c5c64fefc09e272c7cdee60187c.jpg,https://inscale.co.kr/product/search.html?keyword=P00000SP,,,P00000SP,,Deadline Mirror - Reflections about spatialism BK,CASSINA,source_export,product_code,1,,,,,,
1F,1F,VITRA,Lari Lamp,Lighting,2040000,전시중,"Designer : Angelo Mangiarotti
Color : Clear glass on black lacquered base
Material : Aluminium, Glass
Size : W350 x D180 x H375
Made in Italy",Angelo Mangiarotti,W350 x D180 x H375,"Aluminium, Glass",Clear glass on black lacquered base,Italy,https://inscale.co.kr/web/product/big/202311/55ce3986c9d6df07caa43a7c1e21df20.jpg,https://inscale.co.kr/product/search.html?keyword=P00000SN,,,P00000SN,,Lari Lamp,VITRA,source_export,product_code,1,,,,,,
1F,1F,CASSINA,Tabouret Berger - Natural Oak,Product,1530000,전시중,"Designer : Charlotte Perriand
Color : Natural Oak
Material : Solid Oak
Size : Ø330 x H267
Made in Italy",Charlotte Perriand,Ø330 x H267,Solid Oak,Natural Oak,Italy,https://inscale.co.kr/web/product/big/202311/5ef1013581716f5b63019d8b2bc1bc03.jpg,https://inscale.co.kr/product/search.html?keyword=P00000SK,,,P00000SK,,Tabouret Berger - Natural Oak,CASSINA,source_export,product_code,1,,,,,,
1F,1F,CASSINA,Tabouret Berger - Oak Stained Black,Product,1530000,전시중,"Designer : Charlotte Perriand
Color : Oak Stained Black
Material : Solid Oak
Size : Ø330 x H267
Made in Italy",Charlotte Perriand,Ø330 x H267,Solid Oak,Oak Stained Black,Italy,https://inscale.co.kr/web/product/big/202311/36d23d8eca25f9cf18335a10c29ea5de.jpg,https://inscale.co.kr/product/search.html?keyword=P00000SJ,,,P00000SJ,,Tabouret Berger - Oak Stained Black,CASSINA,source_export,product_code,1,,,,,,
1F,1F,CASSINA,Tabouret Meribel - Natural Oak,Product,1890000,전시중,"Designer : Charlotte Perriand
Color : Natural Oak
Material : Solid Oak
Size : Ø330 x H384
Made in Italy",Charlotte Perriand,Ø330 x H384,Solid Oak,Natural Oak,Italy,https://inscale.co.kr/web/product/big/202311/01eca97dacd009020e622a76e0b6c812.jpg,https://inscale.co.kr/product/search.html?keyword=P00000SI,,,P00000SI,,Tabouret Meribel - Natural Oak,CASSINA,source_export,product_code,1,,,,,,
1F,1F,CASSINA,Tabouret Meribel - Oak Stained Black,Product,1890000,전시중,"Designer : Charlotte Perriand
Color : Oak Stained Black
Material : Solid Oak
Size : Ø330 x H384
Made in Italy",Charlotte Perriand,Ø330 x H384,Solid Oak,Oak Stained Black,Italy,https://inscale.co.kr/web/product/big/202311/7f7b5ae91e417c57dadf758f1ecb48f6.jpg,https://inscale.co.kr/product/search.html?keyword=P00000SH,,,P00000SH,,Tabouret Meribel - Oak Stained Black,CASSINA,source_export,product_code,1,,,,,,
2F,2F,CASSINA,ZIGZAG - White,Product,4330000,전시중,"Designer : Gerrit T. Rietveld
Color : Ashwood Stained White
Size : W370 x D430 x H430 - 740
Made in Italy",Gerrit T. Rietveld,W370 x D430 x H430 - 740,,Ashwood Stained White,Italy,https://inscale.co.kr/web/product/big/202311/169d60a7b770c42dd4ccfb36c7052831.jpg,https://inscale.co.kr/product/search.html?keyword=P00000SF,,,P00000SF,,ZIGZAG - White,CASSINA,source_export,product_code,1,,,,,,
2F,2F,CASSINA,ZIGZAG - Yellow,Product,4330000,전시중,"Designer : Gerrit T. Rietveld
Color : Ashwood Stained Yellow
Size : W370 x D430 x H430-740
Made in Italy",Gerrit T. Rietveld,W370 x D430 x H430-740,,Ashwood Stained Yellow,Italy,https://inscale.co.kr/web/product/big/202311/ca2cda91b7592f12b78c33283d6d96cd.jpg,https://inscale.co.kr/product/search.html?keyword=P00000SE,,,P00000SE,,ZIGZAG - Yellow,CASSINA,source_export,product_code,1,,,,,,
2F,2F,CASSINA,ZIGZAG - Blue,Product,4330000,전시중,"Designer : Gerrit T. Rietveld
Color : Ashwood Stained Blue
Size : W370 x D430 x H430 - 740
Made in Italy",Gerrit T. Rietveld,W370 x D430 x H430 - 740,,Ashwood Stained Blue,Italy,https://inscale.co.kr/web/product/big/202311/0821110d4a02c5d5fadc0b02e3352fc0.jpg,https://inscale.co.kr/product/search.html?keyword=P00000SD,,,P00000SD,,ZIGZAG - Blue,CASSINA,source_export,product_code,1,,,,,,
2F,2F,CASSINA,ZIGZAG - Natural Cherrywood,Product,4330000,전시중,"Designer : Gerrit T. Rietveld
Color : Natural cherrywood
Size : W370 x D430 x H430 - 740
Made in Italy",Gerrit T. Rietveld,W370 x D430 x H430 - 740,,Natural cherrywood,Italy,https://inscale.co.kr/web/product/big/202311/4b10ff8436cb606a3b2aa00f1fb26888.jpg,https://inscale.co.kr/product/search.html?keyword=P00000SC,,,P00000SC,,ZIGZAG - Natural Cherrywood,CASSINA,source_export,product_code,1,,,,,,
1F,1F,CASSINA,CAB 412 - Cuoio Sfumato(Hand Shaded),Product,4030000,전시중,"Designer : Mario Bellini
Material : Hand Shaded Saddle leather
Color : Cuoio Sfumato (Marron Glasce -139C3Z)
Size : W520 x D490 x H450 - 820
Made in Italy",Mario Bellini,W520 x D490 x H450 - 820,Hand Shaded Saddle leather,Cuoio Sfumato (Marron Glasce -139C3Z),Italy,https://inscale.co.kr/web/product/big/202311/0edb847a62cb738652c20fe42b288e34.jpg,https://inscale.co.kr/product/search.html?keyword=P00000SB,,,P00000SB,,CAB 412 - Cuoio Sfumato(Hand Shaded),CASSINA,source_export,product_code,1,,,,,,
2F,2F,CASSINA,Capitol Complex Office Chair,Chair,4860000,전시중,"Designer : Pierre Jeanneret
Seat & Back : Vienna straw
Frame : Oak stained black, Solid Wood
Size : W450 x D570 x H410 - 810
Made in Italy",Pierre Jeanneret,W450 x D570 x H410 - 810,"Oak stained black, Solid Wood",,Italy,https://inscale.co.kr/web/product/big/202311/7965073f5591e35a38240606efac0201.jpg,https://inscale.co.kr/product/search.html?keyword=P00000SA,,,P00000SA,,Capitol Complex Office Chair,CASSINA,source_export,product_code,1,,,,,,
2F,2F,CASSINA,Capitol Complex Chair,Chair,3570000,전시중,"Designer : Pierre Jeanneret
Seat & Back : Vienna straw
Frame : Oak stained black, Solid Wood
Size : W450 x D570 x H410 - 810
Made in Italy",Pierre Jeanneret,W450 x D570 x H410 - 810,"Oak stained black, Solid Wood",,Italy,https://inscale.co.kr/web/product/big/202311/4875a30f3819732109766cbdeb599fd0.jpg,https://inscale.co.kr/product/search.html?keyword=P00000RZ,,,P00000RZ,,Capitol Complex Chair,CASSINA,source_export,product_code,1,,,,,,
2F,2F,CASSINA,7 Fauteuil tournant,Product,6430000,전시중,"Designer : Charlotte Perriand
Upholstery : Leather Cat.Y - 13Y288 (Color : Latte)
Frame : Ivory enamel
Size : W600 x D580 x H500 - 730
Made in Italy",Charlotte Perriand,W600 x D580 x H500 - 730,Leather Cat.Y - 13Y288 (Color : Latte) / Ivory enamel,Leather Cat.Y - 13Y288 (Color : Latte),Italy,https://inscale.co.kr/web/product/big/202311/696fa5d92e651473fd6fa72ffdeffcda.jpg,https://inscale.co.kr/product/search.html?keyword=P00000RY,,,P00000RY,,7 Fauteuil tournant,CASSINA,source_export,product_code,1,,,,,,
2F,2F,CASSINA,Nuvola Rossa,Product,11140000,전시중,"Designer : Vico Magistretti
Material : American Walnut
Size : W1000 x D395 x H1920
Made in Italy",Vico Magistretti,W1000 x D395 x H1920,American Walnut,,Italy,https://inscale.co.kr/web/product/big/202311/2156313c9b305870a4fa3ebf914a1028.jpg,https://inscale.co.kr/product/search.html?keyword=P00000RW,,,P00000RW,,Nuvola Rossa,CASSINA,source_export,product_code,1,,,,,,
2F,2F,CASSINA,Reaction Poetique,Product,2540000,전시중,"Designer : Jamie Hayon
Color : Ashwood stained black
Material : Solid ash
Size : Ø400 x H560
Made in Italy",Jamie Hayon,Ø400 x H560,Solid ash,Ashwood stained black,Italy,https://inscale.co.kr/web/product/big/202311/04295f3648ccfae88995e81724a2de28.jpg,https://inscale.co.kr/product/search.html?keyword=P00000RV,,,P00000RV,,Reaction Poetique,CASSINA,source_export,product_code,1,,,,,,
2F,2F,CASSINA,Accordo,Product,10950000,전시중,"Designer : Charlotte Perriand
Color : Marron glace
Material : Gloss lacquered panel
Size : Ø1250 x H300
Made in Italy",Charlotte Perriand,Ø1250 x H300,Gloss lacquered panel,Marron glace,Italy,https://inscale.co.kr/web/product/big/202311/e74228cecc1246d55bc04488ec59d5d6.jpg,https://inscale.co.kr/product/search.html?keyword=P00000RU,,,P00000RU,,Accordo,CASSINA,source_export,product_code,1,,,,,,
B1,B1,CASSINA,Riflesso,Product,18230000,전시중,"Designer : Charlotte Perriand
Door : Natural Anodized Aluminum
Material : Container unit painted wood exterior black Interior Burgundy, Black Low Feet
Size : W2010 x D440 x H700
Made in Italy",Charlotte Perriand,W2010 x D440 x H700,"Container unit painted wood exterior black Interior Burgundy, Black Low Feet",,Italy,https://inscale.co.kr/web/product/big/202311/e18263f295037cd205fff0d4965a52f3.jpg,https://inscale.co.kr/product/search.html?keyword=P00000RT,,,P00000RT,,Riflesso,CASSINA,source_export,product_code,1,,,,,,
2F,2F,CASSINA,Constantin,Product,6510000,전시중,"Designer : Studio Simon
Top : Brass
Base : Solid wood base in oak, with waxed finish
Size : Ø480 x 590
Made in Italy",Studio Simon,Ø480 x 590,"Solid wood base in oak, with waxed finish / Brass",,Italy,https://inscale.co.kr/web/product/big/202311/94d3daedd8610c788b2f1155cf76fd73.jpg,https://inscale.co.kr/product/search.html?keyword=P00000RS,,,P00000RS,,Constantin,CASSINA,source_export,product_code,1,,,,,,
2F,2F,CASSINA,Bramante,Lighting,29450000,전시중,"Designer : Kazuhide Takahama
Color : Rosso - LS 401 (Blended red laquered)
Material : 3 Glass shelves, with LED light
Size : W1670 x D440 x H1320
Made in Italy",Kazuhide Takahama,W1670 x D440 x H1320,"3 Glass shelves, with LED light",Rosso - LS 401 (Blended red laquered),Italy,https://inscale.co.kr/web/product/big/202311/bfdcd176837677a8c8980ad86e05ed7f.jpg,https://inscale.co.kr/product/search.html?keyword=P00000RR,,,P00000RR,,Bramante,CASSINA,source_export,product_code,1,,,,,,
2F,2F,CASSINA,Capitol Complex Table,Table,15710000,전시중,"Designer : Pierre Jeanneret
Top : Glass
Base : Solid Wood Oak Stained Black
Size : W2700 x D1100 x H720
Made in Italy",Pierre Jeanneret,W2700 x D1100 x H720,Solid Wood Oak Stained Black / Glass,,Italy,https://inscale.co.kr/web/product/big/202311/0a80d4204c1d272907d5f6f7d19ca803.jpg,https://inscale.co.kr/product/search.html?keyword=P00000RQ,,,P00000RQ,,Capitol Complex Table,CASSINA,source_export,product_code,1,,,,,,
2F,2F,CASSINA,ATACAMA 3,Product,12240000,전시중,"Designer : Cassina Studio
Color : Carta da zucchero
Material : Wool
Size : W2500 x D3500
Made in Italy",Cassina Studio,W2500 x D3500,Wool,Carta da zucchero,Italy,https://inscale.co.kr/web/product/big/202311/4616d1d07dba2e7187ebafaa7db596f3.jpg,https://inscale.co.kr/product/search.html?keyword=P00000RM,,,P00000RM,,ATACAMA 3,CASSINA,source_export,product_code,1,,,,,,
4F,4F,CASSINA,Sahara - Drop,Product,5220000,전시중,"Designer : Cassina Studio
Color : Ice Grey
Material : Wool
Size : Ø 250
Made in Italy",Cassina Studio,Ø 250,Wool,Ice Grey,Italy,https://inscale.co.kr/web/product/big/202311/7b18cb214d21e92a5cfc74ba6a1b8c22.jpg,https://inscale.co.kr/product/search.html?keyword=P00000RL,,,P00000RL,,Sahara - Drop,CASSINA,source_export,product_code,1,,,,,,
2F,2F,CASSINA,Sahara - Grid,Product,8030000,전시중,"Designer : Cassina Studio
Color : Ice Grey
Material : Wool
Size : W3500 x D2500
Made in Italy",Cassina Studio,W3500 x D2500,Wool,Ice Grey,Italy,https://inscale.co.kr/web/product/big/202311/2a6908f9ab2376152b7d668d2486128e.jpg,https://inscale.co.kr/product/search.html?keyword=P00000RK,,,P00000RK,,Sahara - Grid,CASSINA,source_export,product_code,1,,,,,,
1F,1F,CASSINA,Sahara - Midgrid,Product,7670000,전시중,"Designer : Cassina Studio
Color : Grey Blue
Material : Wool
Size : W3500 x D2500
Made in Italy",Cassina Studio,W3500 x D2500,Wool,Grey Blue,Italy,https://inscale.co.kr/web/product/big/202311/b7c74bd1ce3a617d5e10cec186781b86.jpg,https://inscale.co.kr/product/search.html?keyword=P00000RJ,,,P00000RJ,,Sahara - Midgrid,CASSINA,source_export,product_code,1,,,,,,
1F,1F,CASSINA,944 Soriana - Armchair,Chair,11260000,전시중,"Designer : Tobia Scarpa
Material : Recycled Pet Padded
Upholstery : Fabric Cat. L (Luxor L030)
Frame : Metal stained glossy China Red
Size : W950 x D1050 x H420 - 710
Made in Italy",Tobia Scarpa,W950 x D1050 x H420 - 710,Recycled Pet Padded,Fabric Cat. L (Luxor L030),Italy,https://inscale.co.kr/web/product/big/202311/40aa4b31c9f44fd21a78f2c96259f1b4.jpg,https://inscale.co.kr/product/search.html?keyword=P00000RH,,,P00000RH,,944 Soriana - Armchair,CASSINA,source_export,product_code,1,,,,,,
B1,B1,INSCALE,Panthella mini,Product,934000,전시중,"Designer : Verner Panton
Material : Acrylic, Aluminium
Color : Opal White
Size : Ø250 * H335
Made in DENMARK

[VARIANTS]
1. P00000RF / Opal White / Ø250 * H335 / 934000
2. P00000RG / Orange / Ø250 * H335 / 934000",Verner Panton,Ø250 * H335,"Acrylic, Aluminium",Opal White / Orange,DENMARK,https://inscale.co.kr/web/product/big/202309/2188eaac20f899ceb8a323ab4ec379ab.jpg,https://inscale.co.kr/product/search.html?keyword=P00000RF,,2개 사양 통합 / 상품코드: P00000RF | P00000RG,P00000RF,,Panthella mini,INSCALE,consolidated_variant,brand_name_group,1,,,,,,
1F,1F,CASSINA,Esosoft Coffee table - Carrara marble,Table,10530000,전시중,"Designer : Antonio Citterio
Top : Carrara marble
Base : Aluminium structure
Size : W1860 x D900 x H360
Made in Italy",Antonio Citterio,W1860 x D900 x H360,Aluminium structure / Carrara marble,,Italy,https://inscale.co.kr/web/product/big/202312/cc9fdc0eee4afa0ea9466c1275e5e282.jpg,https://inscale.co.kr/product/search.html?keyword=P00000RC,,,P00000RC,,Esosoft Coffee table - Carrara marble,CASSINA,source_export,product_code,1,,,,,,
B1,B1,ARTEK,E60 Stool,Stool & Bench,570000,전시중,"Designer : Alvar Aalto 
Material : Birch
Color : Yellow
Size : W380 x H380
Made in Finland

[VARIANTS]
1. P00000QY / Yellow / W380 x H380 / 570000
2. P00000PG / Purple / W380 x H440 / 570000",Alvar Aalto,W380 x H380 / W380 x H440,Birch,Yellow / Purple,Finland,https://inscale.co.kr/web/product/big/202606/aae709ec2bcbcb37eff9f4fcf95105c1.jpg,https://inscale.co.kr/product/search.html?keyword=P00000QY,,2개 사양 통합 / 상품코드: P00000QY | P00000PG,P00000QY,,E60 Stool,ARTEK,consolidated_variant,brand_name_group,1,,,,,,
B1,B1,ARTEK,Wall Shelf 112 Natural lacquered,Cabinet & Storage,810000,전시중,"Designer : Alvar Aalto 
Color : Natural lacquered
Material : Form-bent solid birch lamella, Solid birch frame, Birch veneer 
Size : W900 x D270 x H245
Made in Finland",Alvar Aalto,W900 x D270 x H245,"Form-bent solid birch lamella, Solid birch frame, Birch veneer",Natural lacquered,Finland,https://inscale.co.kr/web/product/big/202311/3c8c5aaf82d2c3ed7f3c37641398d377.jpg,https://inscale.co.kr/product/search.html?keyword=P00000QX,,,P00000QX,,Wall Shelf 112 Natural lacquered,ARTEK,source_export,product_code,1,,,,,,
B1,B1,ARTEK,Table 95,Table,2410000,전시중,"Designer : Alvar Aalto 
Top : White HPL
Material : Solid birch
Size : W1200 x D600 x H740
Made in Finland",Alvar Aalto,W1200 x D600 x H740,Solid birch,,Finland,https://inscale.co.kr/web/product/big/202311/8cccd4e219b619996d208d107f39a745.jpg,https://inscale.co.kr/product/search.html?keyword=P00000QW,,,P00000QW,,Table 95,ARTEK,source_export,product_code,1,,,,,,
B1,B1,VITRA,Ronan Bouroullec Drawing Poster,Living Acc,95000,전시중,"Designer : Ronan & Erwan Bouroullec 
Material : Matt print on high-gloss paper 
Color : Multicolor
Size : W675 x H675 
Made in UK

[VARIANTS]
1. P00000QV / Multicolor / W675 x H675 / 95000
2. P00000QU / Bicolor / W675 x H675 / 95000",Ronan & Erwan Bouroullec,W675 x H675,Matt print on high-gloss paper,Multicolor / Bicolor,UK,https://inscale.co.kr/web/product/big/202311/fc7cd20693b787dc1f528bf238c2f1a5.jpg,https://inscale.co.kr/product/search.html?keyword=P00000QV,,2개 사양 통합 / 상품코드: P00000QV | P00000QU,P00000QV,,Ronan Bouroullec Drawing Poster,VITRA,consolidated_variant,brand_name_group,1,,,,,,
B1,B1,VITRA,Girard Candle Holder,Product,260000,전시중,"Designer : Alexander Girard 
Color : Brass
Material : Solid brass, polished finish, Felt pad on underside 
Size : W103 x H55 
Made in Germany",Alexander Girard,W103 x H55,"Solid brass, polished finish, Felt pad on underside",Brass,Germany,https://inscale.co.kr/web/product/big/202311/dbbfe9c464115b6920a00d35537674e9.jpg,https://inscale.co.kr/product/search.html?keyword=P00000QT,,,P00000QT,,Girard Candle Holder,VITRA,source_export,product_code,1,,,,,,
B1,B1,VITRA,Eames Elephant  Small,Product,173000,전시중,"Designer : Charles & Ray Eames 
Color : Palm Green
Material : Dyed-through polypropylene, Matt finish 
Size : W390 x D205 x H210
Made in Germany

[VARIANTS]
1. P00000QS / Palm Green / W390 x D205 x H210 / 173000
2. P00000QR / Pale Rose / W390 x D205 x H210 / 173000
3. P00000QQ / Buttercup / W390 x D205 x H210 / 173000
4. P00000QP / White / W390 x D205 x H210 / 173000",Charles & Ray Eames,W390 x D205 x H210,"Dyed-through polypropylene, Matt finish",Palm Green / Pale Rose / Buttercup / White,Germany,https://inscale.co.kr/web/product/big/202311/eb20e96a41937cb882767f704fdb2042.jpg,https://inscale.co.kr/product/search.html?keyword=P00000QS,,4개 사양 통합 / 상품코드: P00000QS | P00000QR | P00000QQ | P00000QP,P00000QS,,Eames Elephant  Small,VITRA,consolidated_variant,brand_name_group,1,,,,,,
B1,B1,VITRA,Uten.Silo Model - II,Product,543000,전시중,"Designer : Dorothee Becker 
Color : Black
Material : ABS plastic ,Nickle-plated metal 
Size : W670 x H870 
Made in Germany

[VARIANTS]
1. P00000QO / Black / W670 x H870 / 543000
2. P00000IL / Whtie / 670 x 870 ( Model - ll ) / 543000",Dorothee Becker,W670 x H870 / 670 x 870 ( Model - ll ),"ABS plastic ,Nickle-plated metal",Black / Whtie,Germany,https://inscale.co.kr/web/product/big/202311/9211a160ed1577341688add22d79a90f.jpg,https://inscale.co.kr/product/search.html?keyword=P00000QO,,2개 사양 통합 / 상품코드: P00000QO | P00000IL,P00000QO,,Uten.Silo Model - II,VITRA,consolidated_variant,brand_name_group,1,,,,,,
B1,B1,VITRA,EM Table (HPL) 2000,Table,5540000,전시중,"Designer : Jean Prouvé 
Top : Ivory HPL
Color : Prouvé Blé Vert powder-coated Steel
Size : W2000 x D900 x H740
Made in Germany",Jean Prouvé,W2000 x D900 x H740,Ivory HPL,Prouvé Blé Vert powder-coated Steel,Germany,https://inscale.co.kr/web/product/big/202311/11bbe4ea5bd004dcc0b526aa4375a38e.jpg,https://inscale.co.kr/product/search.html?keyword=P00000QJ,,,P00000QJ,,EM Table (HPL) 2000,VITRA,source_export,product_code,1,,,,,,
B1,B1,VITRA,Tabouret Metallique - Bleu Marcoule,Product,1170000,전시중,"Designer : Jean Prouve 
Color : Bleu Marcoule
Material : Bent sheet steel(powder-coated finish), Plastic glides
Size : Ø380 x H445 
Made in Germany",Jean Prouve,Ø380 x H445,"Bent sheet steel(powder-coated finish), Plastic glides",Bleu Marcoule,Germany,https://inscale.co.kr/web/product/big/202311/2013392706d20d7bb6bdac9d24689f48.jpg,https://inscale.co.kr/product/search.html?keyword=P00000QG,,,P00000QG,,Tabouret Metallique - Bleu Marcoule,VITRA,source_export,product_code,1,,,,,,
B1,B1,VITRA,Tabouret Metallique - Blanc Colombe,Product,1170000,전시중,"Designer : Jean Prouve 
Color : Prouve Blanc Colombe (Ecru)
Material : Bent sheet steel(powder-coated finish), Plastic glides
Size : Ø380 x H445 
Made in Germany",Jean Prouve,Ø380 x H445,"Bent sheet steel(powder-coated finish), Plastic glides",Prouve Blanc Colombe (Ecru),Germany,https://inscale.co.kr/web/product/big/202311/6cf33f9a0700c7fd7821263034df8054.jpg,https://inscale.co.kr/product/search.html?keyword=P00000QH,,,P00000QH,,Tabouret Metallique - Blanc Colombe,VITRA,source_export,product_code,1,,,,,,
B1,B1,VITRA,Girard Ornaments - Rabbit,Product,35000,전시중,"Designer : Alexander Girard 
Material : Metal with brass-effect finish
Color : Brass
Size : W33 x H101
Made in Germany",Alexander Girard,W33 x H101,Metal with brass-effect finish,Brass,Germany,https://inscale.co.kr/web/product/big/202311/0787226cea2764fe1edaf179d8b210d8.jpg,https://inscale.co.kr/product/search.html?keyword=P00000QF,,,P00000QF,,Girard Ornaments - Rabbit,VITRA,source_export,product_code,1,,,,,,
B1,B1,VITRA,Girard Ornaments - Heart,Product,35000,전시중,"Designer : Alexander Girard 
Material : Metal with brass-effect finish
Color : Brass
Size : W79 x H70
Made in Germany",Alexander Girard,W79 x H70,Metal with brass-effect finish,Brass,Germany,https://inscale.co.kr/web/product/big/202311/2422d70573d3d96ad5695ea458d83ede.jpg,https://inscale.co.kr/product/search.html?keyword=P00000QD,,,P00000QD,,Girard Ornaments - Heart,VITRA,source_export,product_code,1,,,,,,
B1,B1,VITRA,Girard Ornaments - Dove,Product,35000,전시중,"Designer : Alexander Girard 
Material : Metal with brass-effect finish
Color : Brass
Size : W97 x H45
Made in Germany",Alexander Girard,W97 x H45,Metal with brass-effect finish,Brass,Germany,https://inscale.co.kr/web/product/big/202311/cda215f842ee591ca7472495b9f03bf1.jpg,https://inscale.co.kr/product/search.html?keyword=P00000QE,,,P00000QE,,Girard Ornaments - Dove,VITRA,source_export,product_code,1,,,,,,
B1,B1,VITRA,Girard Ornaments - Angel,Product,35000,전시중,"Designer : Alexander Girard 
Material : Metal with brass-effect finish
Color : Brass
Size : W83 x H76
Made in Germany",Alexander Girard,W83 x H76,Metal with brass-effect finish,Brass,Germany,https://inscale.co.kr/web/product/big/202311/d2bc4e7256235c83fe7903985c4f964b.jpg,https://inscale.co.kr/product/search.html?keyword=P00000QC,,,P00000QC,,Girard Ornaments - Angel,VITRA,source_export,product_code,1,,,,,,
B1,B1,VITRA,Girard Ornaments - Star,Product,35000,전시중,"Designer : Alexander Girard 
Material : Metal with brass-effect finish
Color : Brass
Size : W81 x H77
Made in Germany",Alexander Girard,W81 x H77,Metal with brass-effect finish,Brass,Germany,https://inscale.co.kr/web/product/big/202311/b4a3810b8383967663bc122778f7e0d8.jpg,https://inscale.co.kr/product/search.html?keyword=P00000QB,,,P00000QB,,Girard Ornaments - Star,VITRA,source_export,product_code,1,,,,,,
1F,1F,INSCALE,Sella Stool,Stool & Bench,2030000,전시중,"Design : Achille & Pier Giacomo Castiglioni 
Material : Steel, Cast iron, Racing-bicycle seat
Color : Pink
Size : W330 x H710
Made in Italy",Achille & Pier Giacomo Castiglioni,W330 x H710,"Steel, Cast iron, Racing-bicycle seat",Pink,Italy,https://inscale.co.kr/web/product/big/202311/68d239036b02b5e5dbbb753800853b20.jpg,https://inscale.co.kr/product/search.html?keyword=P00000PZ,,,P00000PZ,,Sella Stool,INSCALE,source_export,product_code,1,,,,,,
3F,3F,KNOLL,Florence Knoll Low Coffee Table,Table,8560000,전시중,"Designer : Florence Knoll 
Top : Arabescato marble, Glossy finish
Frame : Polished chrome
Size : W1200 x D1200 x H350
Made in Italy",Florence Knoll,W1200 x D1200 x H350,"Polished chrome / Arabescato marble, Glossy finish",,Italy,https://inscale.co.kr/web/product/big/202311/9862853629e558afeef28cfc25353487.jpg,https://inscale.co.kr/product/search.html?keyword=P00000PX,,,P00000PX,,Florence Knoll Low Coffee Table,KNOLL,source_export,product_code,1,,,,,,
B1,B1,VITRA,Stool Tool,Stool & Bench,550000,전시중,"Designer : Konstantin Grcic 
Material : Polypropylene
Color : Industrial Green
Size : W350 x D460 x H480 - 750
Made in Germany

[VARIANTS]
1. P00000PE / Industrial Green / W350 x D460 x H480 - 750 / 550000
2. P00000BQ / Poppy red / W350 x D460 x H480-750 / 550000",Konstantin Grcic,W350 x D460 x H480 - 750 / W350 x D460 x H480-750,Polypropylene,Industrial Green / Poppy red,Germany,https://inscale.co.kr/web/product/big/202311/27e4fc5bb9553290585902dcabc76251.jpg,https://inscale.co.kr/product/search.html?keyword=P00000PE,,2개 사양 통합 / 상품코드: P00000PE | P00000BQ,P00000PE,,Stool Tool,VITRA,consolidated_variant,brand_name_group,1,,,,,,
2F,2F,CASSINA,LC1,Product,6440000,전시중,"Designer : Le Corbusier, Pierre Jeanneret, Charlotte Perriand
Material : Black Leather Arms, Chrome Frame
Color : Black
Size : W600 x D650 x H400 - 640
Made in Italy","Le Corbusier, Pierre Jeanneret, Charlotte Perriand",W600 x D650 x H400 - 640,"Black Leather Arms, Chrome Frame",Black,Italy,https://inscale.co.kr/web/product/big/202309/deff3254f67d99bb80c277829cbf40b5.jpg,https://inscale.co.kr/product/search.html?keyword=P00000OU,,,P00000OU,,LC1,CASSINA,source_export,product_code,1,,,,,,
B1,B1,CASSINA,KANGAROO,Product,8490000,전시중,"Designer : Pierre Jeanneret
Material : Solid teak, Woven Viennese cane
Color : Solid teak
Size : W580 * D760 * H340 - 610
Made in Italy",Pierre Jeanneret,W580 * D760 * H340 - 610,"Solid teak, Woven Viennese cane",Solid teak,Italy,https://inscale.co.kr/web/product/big/202309/4a98ab73712cba74dac3cec0b2a16bcf.jpg,https://inscale.co.kr/product/search.html?keyword=P00000OT,,,P00000OT,,KANGAROO,CASSINA,source_export,product_code,1,,,,,,
1F,1F,CASSINA,CAB 412 - Russian red,Product,3070000,전시중,"Designer : Mario Bellini
Material : Tubular steel frame, Saddle Leather
Color : Russian red
Size : W520 x D490 x H450 - 820
Made in Italy",Mario Bellini,W520 x D490 x H450 - 820,"Tubular steel frame, Saddle Leather",Russian red,Italy,https://inscale.co.kr/web/product/big/202309/4c9dd3f3c13ce23b045af6fbe4a1e018.jpg,https://inscale.co.kr/product/search.html?keyword=P00000OQ,,,P00000OQ,,CAB 412 - Russian red,CASSINA,source_export,product_code,1,,,,,,
B1,B1,INSCALE,PH 2/1,Product,1806000,전시중,"Designer : Poul Henningsen
Material : Opal glass, metallised brass
Color : Brass
Size : Ø200 * H355
Made in DENMARK",Poul Henningsen,Ø200 * H355,"Opal glass, metallised brass",Brass,DENMARK,https://inscale.co.kr/web/product/big/202309/ff0b822f203b8636b0e45b348176f023.jpg,https://inscale.co.kr/product/search.html?keyword=P00000ON,,,P00000ON,,PH 2/1,INSCALE,source_export,product_code,1,,,,,,
B1,B1,Martinelli Luce,Pipistrello Large LED,Product,4070000,전시중,"Design : Gae Aulenti
Material : Stainless steel, Opal white methacrylate 
Color : Black
Size : Ø550 x H660 - 860 
Made in Italy",Gae Aulenti,Ø550 x H660 - 860,"Stainless steel, Opal white methacrylate",Black,Italy,https://inscale.co.kr/web/product/big/202309/fdc42f950733a82830cd4fe50fc5dd54.jpg,https://inscale.co.kr/product/search.html?keyword=P00000NY,,,P00000NY,,Pipistrello Large LED,Martinelli Luce,source_export,product_code,1,,,,,,
B1,B1,Martinelli Luce,Pipistrello Medio LED,Product,2950000,전시중,"Design : Gae Aulenti
Material : Stainless steel, Opal white methacrylate 
Color : White
Size : Ø400 x H500 - 620
Made in Italy",Gae Aulenti,Ø400 x H500 - 620,"Stainless steel, Opal white methacrylate",White,Italy,https://inscale.co.kr/web/product/big/202309/5dab652b2168a6ee19f2691e1136241e.jpg,https://inscale.co.kr/product/search.html?keyword=P00000NX,,,P00000NX,,Pipistrello Medio LED,Martinelli Luce,source_export,product_code,1,,,,,,
B1,B1,Martinelli Luce,Pipistrello MIni,Product,1500000,전시중,"Design : Gae Aulenti
Material : Stainless steel, Opal white methacrylate 
Color : Dark brown
Size : Ø270 x H350
Made in Italy

[VARIANTS]
1. P00000NW / Dark brown / Ø270 x H350 / 1500000
2. P00000NV / White / Ø270 x H350 / 1500000",Gae Aulenti,Ø270 x H350,"Stainless steel, Opal white methacrylate",Dark brown / White,Italy,https://inscale.co.kr/web/product/big/202309/adf4e7e1f87f5ce360b2e1428741b314.jpg,https://inscale.co.kr/product/search.html?keyword=P00000NW,,2개 사양 통합 / 상품코드: P00000NW | P00000NV,P00000NW,,Pipistrello MIni,Martinelli Luce,consolidated_variant,brand_name_group,1,,,,,,
1F,1F,ARTEMIDE,Teti,Product,150000,전시중,"Designer : Vico Magistretti
Material : Polycarbonate
Color : Transparent
Size : Ø140 x H70
Made in Italy",Vico Magistretti,Ø140 x H70,Polycarbonate,Transparent,Italy,https://inscale.co.kr/web/product/big/202309/397e8a25033c7205e843416c5ac51cd7.jpg,https://inscale.co.kr/product/search.html?keyword=P00000NU,,,P00000NU,,Teti,ARTEMIDE,source_export,product_code,1,,,,,,
4F,4F,ARTEMIDE,[재고보유] Melampo Floor Bronze Ecrù,Lighting,1180000,전시중,"Designer : Adrien Gardère
Material : Aluminium, zamak, silk satin fabric and technopolymer
Color : Ecru
Size : W420 x H1630
Made in Italy",Adrien Gardère,W420 x H1630,"Aluminium, zamak, silk satin fabric and technopolymer",Ecru,Italy,https://inscale.co.kr/web/product/big/202609/3a7baa7ebc144d7f7eaa81342a363761.jpg,https://inscale.co.kr/product/search.html?keyword=P00000NS,,,P00000NS,,[재고보유] Melampo Floor Bronze Ecrù,ARTEMIDE,source_export,product_code,1,,,,,,
3F,3F,ARTEMIDE,[Order] Tolomeo Mega Floor Black,Lighting,2220000,전시중,"Designer : Michele De Lucchi & Giancarlo Fassina
Material : Aluminium, parchment paper, steel
Color : Black
Size : W1130 x H2380
Made in Italy",Michele De Lucchi & Giancarlo Fassina,W1130 x H2380,"Aluminium, parchment paper, steel",Black,Italy,https://inscale.co.kr/web/product/big/202309/2397fdc90441c5375878f013b5fba0be.jpg,https://inscale.co.kr/product/search.html?keyword=P00000NR,,,P00000NR,,[Order] Tolomeo Mega Floor Black,ARTEMIDE,source_export,product_code,1,,,,,,
2F,2F,ARTEMIDE,[Order] Onfale Medio,Product,1400000,전시중,"Designer : Luciano Vistosi
Material : Blown Glass
Color : White
Size : Ø280 x H345
Made in Italy",Luciano Vistosi,Ø280 x H345,Blown Glass,White,Italy,https://inscale.co.kr/web/product/big/202309/4f8038f8fac87fb163e70fa663bf1a99.jpg,https://inscale.co.kr/product/search.html?keyword=P00000NP,,,P00000NP,,[Order] Onfale Medio,ARTEMIDE,source_export,product_code,1,,,,,,
2F,2F,ARTEMIDE,[Order] Onfale Grande,Product,1880000,전시중,"Designer : Luciano Vistosi
Material : Blown Glass
Color : White
Size : Ø360 x H440
Made in Italy",Luciano Vistosi,Ø360 x H440,Blown Glass,White,Italy,https://inscale.co.kr/web/product/big/202309/50f5171f626c242cdea0f93d90624034.jpg,https://inscale.co.kr/product/search.html?keyword=P00000NO,,,P00000NO,,[Order] Onfale Grande,ARTEMIDE,source_export,product_code,1,,,,,,
B1,B1,ARTEMIDE,[Order] Nessino Orange,Product,410000,전시중,"Design : Giancarlo Mattioli
Material : Polycarbonate
Color : Orange
Size : W320 x H223
Made in Italy",Giancarlo Mattioli,W320 x H223,Polycarbonate,Orange,Italy,https://inscale.co.kr/web/product/big/202309/fecd50092047a04d6c386ac1621d9a2c.jpg,https://inscale.co.kr/product/search.html?keyword=P00000NN,,,P00000NN,,[Order] Nessino Orange,ARTEMIDE,source_export,product_code,1,,,,,,
B1,B1,ARTEMIDE,[Order] Nessino White,Product,410000,전시중,"Designer : Giancarlo Mattioli
Material : Polycarbonate
Color : White
Size : W320 x H223
Made in Italy",Giancarlo Mattioli,W320 x H223,Polycarbonate,White,Italy,https://inscale.co.kr/web/product/big/202309/1dc4ed7884992d207e66ffc4cabf5b50.jpg,https://inscale.co.kr/product/search.html?keyword=P00000NM,,,P00000NM,,[Order] Nessino White,ARTEMIDE,source_export,product_code,1,,,,,,
B1,B1,ARTEMIDE,[Order] Tolomeo Micro Table Glossy white,Table,570000,전시중,"Designer : Michele De Lucchi & Giancarlo Fassina
Material : Aluminium, Steel
Color : Glossy White
Size : W680 x H540
Made in Italy",Michele De Lucchi & Giancarlo Fassina,W680 x H540,"Aluminium, Steel",Glossy White,Italy,https://inscale.co.kr/web/product/big/202309/a52334ae47cf6528bb47c209fb5badcd.jpg,https://inscale.co.kr/product/search.html?keyword=P00000NL,,,P00000NL,,[Order] Tolomeo Micro Table Glossy white,ARTEMIDE,source_export,product_code,1,,,,,,
B1,B1,ARTEMIDE,[Order] Tolomeo Micro Table Aluminium,Table,570000,전시중,"Designer : Michele De Lucchi & Giancarlo Fassina
Material : Aluminium, Steel
Color : Aluminum
Size : W680 x H540
Made in Italy",Michele De Lucchi & Giancarlo Fassina,W680 x H540,"Aluminium, Steel",Aluminum,Italy,https://inscale.co.kr/web/product/big/202309/b26dbfbfe9328404f597b981f9c59a93.jpg,https://inscale.co.kr/product/search.html?keyword=P00000NK,,,P00000NK,,[Order] Tolomeo Micro Table Aluminium,ARTEMIDE,source_export,product_code,1,,,,,,
B1,B1,ARTEMIDE,[Order] Eclisse,Product,440000,전시중,"Designer : Vico Magistretti
Material : Steel, Technopolymer
Color : Red
Size : Ø120 x H180
Made in Italy",Vico Magistretti,Ø120 x H180,"Steel, Technopolymer",Red,Italy,https://inscale.co.kr/web/product/big/202309/924025df0ead1c2667502927d193c5a4.jpg,https://inscale.co.kr/product/search.html?keyword=P00000NH,,,P00000NH,,[Order] Eclisse,ARTEMIDE,source_export,product_code,1,,,,,,
B1,B1,ARTEMIDE,[Order] Eclisse PVD,Living Acc,470000,전시중,"Designer : Vico Magistretti
Material : Steel, Technopolymer
Color : Mirror
Size : Ø120 x H180
Made in Italy",Vico Magistretti,Ø120 x H180,"Steel, Technopolymer",Mirror,Italy,https://inscale.co.kr/web/product/big/202309/1aad40d6300a205a0e067eda9a70e79a.jpg,https://inscale.co.kr/product/search.html?keyword=P00000ND,,,P00000ND,,[Order] Eclisse PVD,ARTEMIDE,source_export,product_code,1,,,,,,
3F,3F,ARTEMIDE,[Order] Alfa,Product,2290000,전시중,"Designer : Sergio Mazza
Material : Glass, Steel, Marble
Color : Black Marble
Size : Ø300 x H480
Made in Italy",Sergio Mazza,Ø300 x H480,"Glass, Steel, Marble",Black Marble,Italy,https://inscale.co.kr/web/product/big/202309/2dfdc6ce2716bd801347efa798c9db27.jpg,https://inscale.co.kr/product/search.html?keyword=P00000MZ,,,P00000MZ,,[Order] Alfa,ARTEMIDE,source_export,product_code,1,,,,,,
B1,B1,FLOS,265 Small,Product,1780000,전시중,"Designer : Paolo Rizzatto
Material : Steel , Cast iron , Wall fixture
Color : Chromatica
Size : W1520 x D595 x H235
Made in Italy",Paolo Rizzatto,W1520 x D595 x H235,"Steel , Cast iron , Wall fixture",Chromatica,Italy,https://inscale.co.kr/web/product/big/202309/9eddc4e13ded999d2d304785def96f6f.jpg,https://inscale.co.kr/product/search.html?keyword=P00000MT,,,P00000MT,,265 Small,FLOS,source_export,product_code,1,,,,,,
B1,B1,FLOS,265,Product,2221000,전시중,"Designer : Paolo Rizzatto
Material : Steel , Cast iron , Wall fixture
Color : Black
Size : W2050 x D850 x H350
Made in Italy

[VARIANTS]
1. P00000MQ / Black / W2050 x D850 x H350 / 2221000
2. P00000MN / White / W2050 x D850 x H350 / 2221000",Paolo Rizzatto,W2050 x D850 x H350,"Steel , Cast iron , Wall fixture",Black / White,Italy,https://inscale.co.kr/web/product/big/202309/87b736f31f499b90e1ce5ea78bcab91e.jpg,https://inscale.co.kr/product/search.html?keyword=P00000MQ,,2개 사양 통합 / 상품코드: P00000MQ | P00000MN,P00000MQ,,265,FLOS,consolidated_variant,brand_name_group,1,,,,,,
3F,3F,FLOS,Bonjour Unplugged White,Product,467000,전시중,"Designer : Philippe Starck
Material : ABS, Aluminum, PMMA
Color : White
Size : Ø130 x H270
Made in Italy",Philippe Starck,Ø130 x H270,"ABS, Aluminum, PMMA",White,Italy,https://inscale.co.kr/web/product/big/202309/1d281bd4a33e4a1fe5d7d3513fa8b923.jpg,https://inscale.co.kr/product/search.html?keyword=P00000LN,,,P00000LN,,Bonjour Unplugged White,FLOS,source_export,product_code,1,,,,,,
3F,3F,FLOS,Bonjour Unplugged Copper,Product,599000,전시중,"Designer : Philippe Starck
Material : ABS, Aluminum, PMMA
Color : Copper
Size : Ø130 x H270
Made in Italy",Philippe Starck,Ø130 x H270,"ABS, Aluminum, PMMA",Copper,Italy,https://inscale.co.kr/web/product/big/202309/34933400b6d3ea91726daa3ff4ee2817.jpg,https://inscale.co.kr/product/search.html?keyword=P00000LO,,,P00000LO,,Bonjour Unplugged Copper,FLOS,source_export,product_code,1,,,,,,
B1,B1,HERMAN MILLER,Nelson Ball Bubble Pendant,Lighting,1500000,전시중,"Design : George Nelson
Material : Plastic coating over a steel wire frame 
Finish : Brushed Nickel Plated Steel
Size : Ø480 x H393
Made in USA",George Nelson,Ø480 x H393,Plastic coating over a steel wire frame,,USA,https://inscale.co.kr/web/product/big/202309/f4a7cfd97d6bfd6f87c6a548ec2a7e96.jpg,https://inscale.co.kr/product/search.html?keyword=P00000LK,,,P00000LK,,Nelson Ball Bubble Pendant,HERMAN MILLER,source_export,product_code,1,,,,,,
3F,3F,KNOLL,Platner Coffee Table,Table,"4880000
5670000",전시중,"Designer : Warren Platner
Material : Steel wire Bronze finish, Glass
Color : Clear Glass / Polished Nickel
Size : Ø1070 x H385
Made in Italy

[VARIANTS]
1. P00000LF / Clear Glass / Polished Nickel / Ø1070 x H385 / 4880000
2. P00000LE / Bronze / Brown glass / Ø1070 x H385 / 5670000",Warren Platner,Ø1070 x H385,"Steel wire Bronze finish, Glass",Clear Glass / Polished Nickel / Bronze / Brown glass,Italy,https://inscale.co.kr/web/product/big/202308/ee358a99b9a68fe88d167074b5685e18.jpg,https://inscale.co.kr/product/search.html?keyword=P00000LF,,2개 사양 통합 / 상품코드: P00000LF | P00000LE,P00000LF,,Platner Coffee Table,KNOLL,consolidated_variant,brand_name_group,1,,,,,,
3F,3F,KNOLL,Platner Side Table,Table,"2700000
2340000",전시중,"Designer : Warren Platner
Material : Steel wire Bronze finish, Glass
Color : Bronze / Brown glass
Size : Ø400 x H460
Made in Italy

[VARIANTS]
1. P00000LD / Bronze / Brown glass / Ø400 x H460 / 2700000
2. P00000LC / Nickel / Clear glass / Ø400 x H460 / 2340000",Warren Platner,Ø400 x H460,"Steel wire Bronze finish, Glass / Steel wire Nickel finish, Glass",Bronze / Brown glass / Nickel / Clear glass,Italy,https://inscale.co.kr/web/product/big/202308/62a1ddbfb6899595187b225cbd574479.jpg,https://inscale.co.kr/product/search.html?keyword=P00000LD,,2개 사양 통합 / 상품코드: P00000LD | P00000LC,P00000LD,,Platner Side Table,KNOLL,consolidated_variant,brand_name_group,1,,,,,,
3F,3F,KNOLL,Laccio Coffee Table,Table,2480000,전시중,"Designer : Marcel Breuer
Material : Polished chrome, Laminate
Color : Laminate Black
Size : W1360 x D480 x H340
Made in Italy",Marcel Breuer,W1360 x D480 x H340,"Polished chrome, Laminate",Laminate Black,Italy,https://inscale.co.kr/web/product/big/202308/2bb3b4947bc3c3d3a4fd33f9890afb38.jpg,https://inscale.co.kr/product/search.html?keyword=P00000LA,,,P00000LA,,Laccio Coffee Table,KNOLL,source_export,product_code,1,,,,,,
3F,3F,KNOLL,Laccio Side Table,Table,1490000,전시중,"Designer : Marcel Breuer
Material : Polished chrome, Laminate
Color : Laminate White
Size : W550 x D480 x H450
Made in Italy

[VARIANTS]
1. P00000KZ / Laminate White / W550 x D480 x H450 / 1490000
2. P00000KY / Laminate Black / W550 x D480 x H450 / 1490000",Marcel Breuer,W550 x D480 x H450,"Polished chrome, Laminate",Laminate White / Laminate Black,Italy,https://inscale.co.kr/web/product/big/202308/c7efa9404b456201b77641ff524fa47e.jpg,https://inscale.co.kr/product/search.html?keyword=P00000KZ,,2개 사양 통합 / 상품코드: P00000KZ | P00000KY,P00000KZ,,Laccio Side Table,KNOLL,consolidated_variant,brand_name_group,1,,,,,,
3F,3F,KNOLL,Girard Coffee Table,Table,3070000,전시중,"Designer : Alexander Girard
Material : Walnut ,Black Powder coated Steel 
Color : Walnut veneer, Black Steel
Size : W1500 x D660 x H410
Made in Italy",Alexander Girard,W1500 x D660 x H410,"Walnut ,Black Powder coated Steel","Walnut veneer, Black Steel",Italy,https://inscale.co.kr/web/product/big/202308/61f2de7e2b200b60df5cc2997af1b922.jpg,https://inscale.co.kr/product/search.html?keyword=P00000KX,,,P00000KX,,Girard Coffee Table,KNOLL,source_export,product_code,1,,,,,,
3F,3F,KNOLL,Saarinen Round 1200 - Arabescato,Product,10970000,전시중,"Designer : Eero Saarinen
Top : Arabescato Marble
Base : White Rilsan
Size : Ø1200 x H720
Made in Italy",Eero Saarinen,Ø1200 x H720,White Rilsan / Arabescato Marble,,Italy,https://inscale.co.kr/web/product/big/202402/6deccc8e9a40ce968d6f1506e6de72ed.jpg,https://inscale.co.kr/product/search.html?keyword=P00000KO,,,P00000KO,,Saarinen Round 1200 - Arabescato,KNOLL,source_export,product_code,1,,,,,,
3F,3F,KNOLL,Saarinen Round 1200 - Laminate,Product,6000000,전시중,"Designer : Eero Saarinen
Top : White Laminate 
Base : White Rilsan
Size : Ø1200 x H720
Made in Italy",Eero Saarinen,Ø1200 x H720,White Rilsan / White Laminate,,Italy,https://inscale.co.kr/web/product/big/202402/e0e910cd6b9e8b36dcc3b40f5b3ca657.jpg,https://inscale.co.kr/product/search.html?keyword=P00000KN,,,P00000KN,,Saarinen Round 1200 - Laminate,KNOLL,source_export,product_code,1,,,,,,
3F,3F,KNOLL,Saarinen Oval Table 1830 - Statuarietto,Table,20610000,전시중,"Designer : Eero Saarinen
Top : Statuarietto Marble
Base : White Rilsan
Size : W1830 x D1070 x H730
Made in Italy",Eero Saarinen,W1830 x D1070 x H730,White Rilsan / Statuarietto Marble,,Italy,https://inscale.co.kr/web/product/big/202308/76981a9486cad34dd0804313dc7cf143.jpg,https://inscale.co.kr/product/search.html?keyword=P00000KK,,,P00000KK,,Saarinen Oval Table 1830 - Statuarietto,KNOLL,source_export,product_code,1,,,,,,
3F,3F,KNOLL,Saarinen Oval Table 1830 - Arabescato,Table,19590000,전시중,"Designer : Eero Saarinen
Top : Arabescato Marble
Base : White Rilsan
Size : W1830 x D1070 x H730
Made in Italy",Eero Saarinen,W1830 x D1070 x H730,White Rilsan / Arabescato Marble,,Italy,https://inscale.co.kr/web/product/big/202308/fc0463932f6552a7a3aac77328b1c2ab.jpg,https://inscale.co.kr/product/search.html?keyword=P00000KJ,,,P00000KJ,,Saarinen Oval Table 1830 - Arabescato,KNOLL,source_export,product_code,1,,,,,,
3F,3F,KNOLL,Saarinen Oval Table 1980 - Statuarietto,Table,20610000,전시중,"Design : Eero Saarinen
Top : Statuarietto Marble
Base : White Rilsan
Size : W1980 x D1210 x H730
Made in Italy",Eero Saarinen,W1980 x D1210 x H730,White Rilsan / Statuarietto Marble,,Italy,https://inscale.co.kr/web/product/big/202308/40a50c6cd46dcea2f0e4c25afcdefc34.jpg,https://inscale.co.kr/product/search.html?keyword=P00000KI,,,P00000KI,,Saarinen Oval Table 1980 - Statuarietto,KNOLL,source_export,product_code,1,,,,,,
3F,3F,KNOLL,Saarinen Oval Table 1980 - Arabescato,Table,19590000,전시중,"Design : Eero Saarinen
Top : Arabescato Marble
Base : White Rilsan
Size : W1980 x D1210 x H730
Made in Italy",Eero Saarinen,W1980 x D1210 x H730,White Rilsan / Arabescato Marble,,Italy,https://inscale.co.kr/web/product/big/202308/e6d95876c4b4671dee1947774f14e90d.jpg,https://inscale.co.kr/product/search.html?keyword=P00000KH,,,P00000KH,,Saarinen Oval Table 1980 - Arabescato,KNOLL,source_export,product_code,1,,,,,,
3F,3F,KNOLL,Saarinen Oval Table 1980 - Laminate,Table,11450000,전시중,"Designer : Eero Saarinen
Top : White Laminate
Base : White Rilsan
Size : W1980 x D1210 x H730
Made in Italy",Eero Saarinen,W1980 x D1210 x H730,White Rilsan / White Laminate,,Italy,https://inscale.co.kr/web/product/big/202308/e75467c6f59f173e3f4d321b6f9ea061.jpg,https://inscale.co.kr/product/search.html?keyword=P00000KG,,,P00000KG,,Saarinen Oval Table 1980 - Laminate,KNOLL,source_export,product_code,1,,,,,,
3F,3F,KNOLL,Saarinen Oval Table 2440 - Statuarietto,Table,24040000,전시중,"Design : Eero Saarinen
Top : Statuarietto Marble
Base : White Rilsan
Size : W2440 x D1370 x H730
Made in Italy",Eero Saarinen,W2440 x D1370 x H730,White Rilsan / Statuarietto Marble,,Italy,https://inscale.co.kr/web/product/big/202308/052d0e876b8ea4e0f447e66d3aa118f7.jpg,https://inscale.co.kr/product/search.html?keyword=P00000KF,,,P00000KF,,Saarinen Oval Table 2440 - Statuarietto,KNOLL,source_export,product_code,1,,,,,,
3F,3F,KNOLL,Saarinen Oval Table 2440 - Arabescato,Table,22900000,전시중,"Design : Eero Saarinen
Top : Arabescato Marble
Base : White Rilsan
Size : W2440 x D1370 x H730
Made in Italy",Eero Saarinen,W2440 x D1370 x H730,White Rilsan / Arabescato Marble,,Italy,https://inscale.co.kr/web/product/big/202308/fa6a141f5429ab5b0ed7d222c06f9481.jpg,https://inscale.co.kr/product/search.html?keyword=P00000KD,,,P00000KD,,Saarinen Oval Table 2440 - Arabescato,KNOLL,source_export,product_code,1,,,,,,
3F,3F,KNOLL,Barcelona Stool Black,Stool & Bench,7880000,전시중,"Designer : Mies van der Rohe
Material : Aluminium Hand-buffed mirror finish
Color : Leather W BLack
Size : W590 x D595 x H390
Made in Italy",Mies van der Rohe,W590 x D595 x H390,Aluminium Hand-buffed mirror finish,Leather W BLack,Italy,https://inscale.co.kr/web/product/big/202309/2d3c046b8b16ca51d6166987c735389e.jpg,https://inscale.co.kr/product/search.html?keyword=P00000KA,,,P00000KA,,Barcelona Stool Black,KNOLL,source_export,product_code,1,,,,,,
3F,3F,KNOLL,Barcelona Chair Leather.W BLack,Chair,15740000,전시중,"Designer : Mies van der Rohe
Material : Aluminium Hand-buffed mirror finish
Color : Leather W Black
Size : W750 x D770 x H430 - 770
Made in Italy",Mies van der Rohe,W750 x D770 x H430 - 770,Aluminium Hand-buffed mirror finish,Leather W Black,Italy,https://inscale.co.kr/web/product/big/202402/13d3ff4bcddb4d29c94643c710dc2570.jpg,https://inscale.co.kr/product/search.html?keyword=P00000JX,,,P00000JX,,Barcelona Chair Leather.W BLack,KNOLL,source_export,product_code,1,,,,,,
3F,3F,KNOLL,Wassily Chair Black,Chair,5770000,전시중,"Designer : Marcel Breuer
Material : Tubular stainles steel
Color : Belting leather BLBLK Black
Size : W790 x D690 x H420 - 730
Made in Italy",Marcel Breuer,W790 x D690 x H420 - 730,Tubular stainles steel,Belting leather BLBLK Black,Italy,https://inscale.co.kr/web/product/big/202308/ae7a261c19fbb96c074ad257fa7ac333.jpg,https://inscale.co.kr/product/search.html?keyword=P00000JL,,,P00000JL,,Wassily Chair Black,KNOLL,source_export,product_code,1,,,,,,
3F,3F,KNOLL,Pollock Arm Chair Natural,Chair,6120000,전시중,"Designer : Charles Pollock
Material : Tubular steel polished chrome legs, Aluminium arms, Black painted finish
Color : Natural with cushions (Black Velluto Pelle)
Size : W640 x D660 x H410 - 705
Made in Italy",Charles Pollock,W640 x D660 x H410 - 705,"Tubular steel polished chrome legs, Aluminium arms, Black painted finish",Natural with cushions (Black Velluto Pelle),Italy,https://inscale.co.kr/web/product/big/202308/daf18654af07c4cc7d7e554f046b1648.jpg,https://inscale.co.kr/product/search.html?keyword=P00000JH,,,P00000JH,,Pollock Arm Chair Natural,KNOLL,source_export,product_code,1,,,,,,
3F,3F,KNOLL,TULIP Stool,Stool & Bench,2420000,전시중,"Designer : Eero Saarinen
Base : Heavy molded cast aluminum, Powder coat paint
Color : White / Tonus 440T Medium Yellow
Size : Ø680 x H450
Made in Italy

[VARIANTS]
1. P00000JA / White / Tonus 440T Medium Yellow / Ø680 x H450 / 2420000
2. P00000IZ / White / Fabric Cat C. Tonus 132T Dark Blue / Ø680 x H450 / 2420000",Eero Saarinen,Ø680 x H450,"Heavy molded cast aluminum, Powder coat paint",White / Tonus 440T Medium Yellow / White / Fabric Cat C. Tonus 132T Dark Blue,Italy,https://inscale.co.kr/web/product/big/202308/7ad84fec1e0ef64263a0c2a1d70f91f8.jpg,https://inscale.co.kr/product/search.html?keyword=P00000JA,,2개 사양 통합 / 상품코드: P00000JA | P00000IZ,P00000JA,,TULIP Stool,KNOLL,consolidated_variant,brand_name_group,1,,,,,,
B1,B1,VITRA,Happy Bin L size,Product,148000,전시중,"Designer : Michel Charlot
Material : Dyed-through polypropylene 
Color : Black
Size : Ø300 x H375
Made in Germany

[VARIANTS]
1. P00000IP / Black / Ø300 x H375 / 148000
2. P00000IO / White / Ø300 x H375 / 148000",Michel Charlot,Ø300 x H375,Dyed-through polypropylene,Black / White,Germany,https://inscale.co.kr/web/product/big/202308/3e2618d90c547c09abd854ab9ec0c59b.jpg,https://inscale.co.kr/product/search.html?keyword=P00000IP,,2개 사양 통합 / 상품코드: P00000IP | P00000IO,P00000IP,,Happy Bin L size,VITRA,consolidated_variant,brand_name_group,1,,,,,,
B1,B1,VITRA,ToolBox,Product,69000,전시중,"Designer : Arik Levy 
Material : ABS plastic 
Color : Basic Dark, Mint Green, Moss Grey, Pale Rose, Sea Blue, White
Size : W327 x D167 x H156
Made in Germany",Arik Levy,W327 x D167 x H156,ABS plastic,"Basic Dark, Mint Green, Moss Grey, Pale Rose, Sea Blue, White",Germany,https://inscale.co.kr/web/product/big/202307/027bbb072ebbef8fe1fe6cba07a25249.jpg,https://inscale.co.kr/product/search.html?keyword=P00000IN,,,P00000IN,,ToolBox,VITRA,source_export,product_code,1,,,,,,
B1,B1,VITRA,"Corniches (S,M)",Product,148000,전시중,"Designer : Ronan & Erwan Bouroullec 
Material : SA plastic, high-gloss surface 
Color : Orange
Size : S : 144 x 210 x H116 / M : 148 x 352 x H88
Made in Germany",Ronan & Erwan Bouroullec,S : 144 x 210 x H116 / M : 148 x 352 x H88,"SA plastic, high-gloss surface",Orange,Germany,https://inscale.co.kr/web/product/big/202308/eb1d2577737fbdaf5b468cdad228cd8e.jpg,https://inscale.co.kr/product/search.html?keyword=P00000IK,,,P00000IK,,"Corniches (S,M)",VITRA,source_export,product_code,1,,,,,,
B1,B1,VITRA,"Corniches  D-grey (S,M,L)",Product,148000,전시중,"Design : Ronan & Erwan Bouroullec 
Material : SA plastic, high-gloss surface 
Color : Dark Grey
Size : S : 144 x 210 x H116 / M : 148 x 352 x H88 / L : 219 x 455 x H86
Made in Germany",Ronan & Erwan Bouroullec,S : 144 x 210 x H116 / M : 148 x 352 x H88 / L : 219 x 455 x H86,"SA plastic, high-gloss surface",Dark Grey,Germany,https://inscale.co.kr/web/product/big/202606/d25db1c056430281722ddd0a8a8431a1.jpg,https://inscale.co.kr/product/search.html?keyword=P00000IJ,,,P00000IJ,,"Corniches  D-grey (S,M,L)",VITRA,source_export,product_code,1,,,,,,
B1,B1,VITRA,Corniches L,Product,222000,전시중,"Designer : Ronan & Erwan Bouroullec 
Material : SA plastic, high-gloss surface 
Color : White
Size : 455 x 219 x H219
Made in Germany",Ronan & Erwan Bouroullec,455 x 219 x H219,"SA plastic, high-gloss surface",White,Germany,https://inscale.co.kr/web/product/big/202308/4cc929f2e84a43651270ac3127e9e0d9.jpg,https://inscale.co.kr/product/search.html?keyword=P00000II,,,P00000II,,Corniches L,VITRA,source_export,product_code,1,,,,,,
B1,B1,VITRA,Desk Clocks Night Black,Table,801000,전시중,"Designer : George Nelson 
Material : Brass, Acrylic glass, Polyurethane, Solid walnut 
Color : Black
Size : Ø108 x H148
Made in Germany",George Nelson,Ø108 x H148,"Brass, Acrylic glass, Polyurethane, Solid walnut",Black,Germany,https://inscale.co.kr/web/product/big/202308/3ddd6be8fb616099a97f5aac8eece75c.jpg,https://inscale.co.kr/product/search.html?keyword=P00000IG,,,P00000IG,,Desk Clocks Night Black,VITRA,source_export,product_code,1,,,,,,
B1,B1,VITRA,Asterisk Clock Black,Living Acc,616000,전시중,"Designer : George Nelson 
Material : Various types of wood and metal 
Color : Black
Size : Ø250
Made in Germany",George Nelson,Ø250,Various types of wood and metal,Black,Germany,https://inscale.co.kr/web/product/big/202308/658b81fc13122424185fc77c1f6901ae.jpg,https://inscale.co.kr/product/search.html?keyword=P00000IF,,,P00000IF,,Asterisk Clock Black,VITRA,source_export,product_code,1,,,,,,
B1,B1,VITRA,Wall Clocks Star,Living Acc,900000,전시중,"Designer : George Nelson 
Material : Various types of wood and metal
Size : Ø610
Made in Germany",George Nelson,Ø610,Various types of wood and metal,,Germany,https://inscale.co.kr/web/product/big/202308/afd48c861cb2bfa6dd046ed5529ee83a.jpg,https://inscale.co.kr/product/search.html?keyword=P00000IE,,,P00000IE,,Wall Clocks Star,VITRA,source_export,product_code,1,,,,,,
B1,B1,VITRA,Wall Clocks Turbine,Living Acc,1269000,전시중,"Designer : George Nelson 
Material : Various types of wood and metal
Size : Ø750
Made in Germany",George Nelson,Ø750,Various types of wood and metal,,Germany,https://inscale.co.kr/web/product/big/202308/69e0607ce10c7c8485ce034d5925e513.jpg,https://inscale.co.kr/product/search.html?keyword=P00000ID,,,P00000ID,,Wall Clocks Turbine,VITRA,source_export,product_code,1,,,,,,
B1,B1,VITRA,Vases Decoupage Barre,Living Acc,616000,전시중,"Designer : Ronan & Erwan Bouroullec 
Material : Ceramic, Hand-dipped and glazed
Size : Ø120 x H610
Made in Germany",Ronan & Erwan Bouroullec,Ø120 x H610,"Ceramic, Hand-dipped and glazed",,Germany,https://inscale.co.kr/web/product/big/202308/d4a6a070d1993a604025c75ba5b0e505.jpg,https://inscale.co.kr/product/search.html?keyword=P00000IC,,,P00000IC,,Vases Decoupage Barre,VITRA,source_export,product_code,1,,,,,,
B1,B1,VITRA,Vases Decoupage Boucle,Living Acc,616000,전시중,"Designer : Ronan & Erwan Bouroullec 
Material : Ceramic, Hand-dipped and glazed
Size : Ø120 x H610
Made in Germany",Ronan & Erwan Bouroullec,Ø120 x H610,"Ceramic, Hand-dipped and glazed",,Germany,https://inscale.co.kr/web/product/big/202308/509dab6b608473400ce007d74d17184b.jpg,https://inscale.co.kr/product/search.html?keyword=P00000IB,,,P00000IB,,Vases Decoupage Boucle,VITRA,source_export,product_code,1,,,,,,
B1,B1,VITRA,[재고보유] Isamu Noguchi Coffee Table Walnut,Table,5860000,전시중,"Designer : Isamu Noguchi 
Material : Heavy glass, Walnut
Color : Walnut
Size : W1280 x D920 x H400
Made in Germany",Isamu Noguchi,W1280 x D920 x H400,"Heavy glass, Walnut",Walnut,Germany,https://inscale.co.kr/web/product/big/202308/2d78dbb428744c166eb5ffe91d933a42.jpg,https://inscale.co.kr/product/search.html?keyword=P00000HY,,,P00000HY,,[재고보유] Isamu Noguchi Coffee Table Walnut,VITRA,source_export,product_code,1,,,,,,
B1,B1,VITRA,[재고보유] Isamu Noguchi Coffee Table Ash Black,Table,4300000,전시중,"Designer : Isamu Noguchi 
Material : Heavy glass, Ash
Color : Black Ash
Size : W1280 x D930 x H400
Made in Germany",Isamu Noguchi,W1280 x D930 x H400,"Heavy glass, Ash",Black Ash,Germany,https://inscale.co.kr/web/product/big/202308/5583437d6d200fadbe322f1c23b4c725.jpg,https://inscale.co.kr/product/search.html?keyword=P00000HX,,,P00000HX,,[재고보유] Isamu Noguchi Coffee Table Ash Black,VITRA,source_export,product_code,1,,,,,,
B1,B1,VITRA,EM Table (Veneer) 2000,Table,6740000,전시중,"Designer : Jean Prouvé 
Material : Natural oak, Steel
Color : Ecru Smooth
Size : W2000 x D900 x H740
Made in Germany",Jean Prouvé,W2000 x D900 x H740,"Natural oak, Steel",Ecru Smooth,Germany,https://inscale.co.kr/web/product/big/202308/41935d813fe13234ff22a9af1c9c8e39.jpg,https://inscale.co.kr/product/search.html?keyword=P00000HU,,,P00000HU,,EM Table (Veneer) 2000,VITRA,source_export,product_code,1,,,,,,
B1,B1,VITRA,Metal Side Table S,Table,930000,전시중,"Designer : Ronan & Erwan Bouroullec 
Material : Bent and welded sheet steel, Polyamide 
Color : Galvanised
Size : W315 x D315 x H380
Made in Germany",Ronan & Erwan Bouroullec,W315 x D315 x H380,"Bent and welded sheet steel, Polyamide",Galvanised,Germany,https://inscale.co.kr/web/product/big/202308/ea3168333b50927068ce1fe821dd3132.jpg,https://inscale.co.kr/product/search.html?keyword=P00000HR,,,P00000HR,,Metal Side Table S,VITRA,source_export,product_code,1,,,,,,
B1,B1,VITRA,Metal Side Table L,Table,1390000,전시중,"Designer : Ronan & Erwan Bouroullec 
Material : Bent and welded sheet steel, Polyamide 
Color : White
Size : W700 x D315 x H335
Made in Germany",Ronan & Erwan Bouroullec,W700 x D315 x H335,"Bent and welded sheet steel, Polyamide",White,Germany,https://inscale.co.kr/web/product/big/202308/682202c42f7c7209fb5d644bbc875b72.jpg,https://inscale.co.kr/product/search.html?keyword=P00000HQ,,,P00000HQ,,Metal Side Table L,VITRA,source_export,product_code,1,,,,,,
B1,B1,VITRA,Metal Side Table M,Table,1180000,전시중,"Designer : Ronan & Erwan Bouroullec 
Material : Bent and welded sheet steel, Polyamide 
Color : White
Size : W400 x D400 x H445
Made in Germany",Ronan & Erwan Bouroullec,W400 x D400 x H445,"Bent and welded sheet steel, Polyamide",White,Germany,https://inscale.co.kr/web/product/big/202308/29b42a697586aac29caf6f8a966fc97a.jpg,https://inscale.co.kr/product/search.html?keyword=P00000HP,,,P00000HP,,Metal Side Table M,VITRA,source_export,product_code,1,,,,,,
B1,B1,VITRA,EVO-C Ivory,Product,670000,전시중,"Designer : Jasper Morrison 
Material : Polypropylene
Color : Ivory
Size : W415 x D450 x H440 - 815
Made in Germany",Jasper Morrison,W415 x D450 x H440 - 815,Polypropylene,Ivory,Germany,https://inscale.co.kr/web/product/big/202308/9e398d6e1208b95bfe9722c28ff1e17f.jpg,https://inscale.co.kr/product/search.html?keyword=P00000HI,,,P00000HI,,EVO-C Ivory,VITRA,source_export,product_code,1,,,,,,
B1,B1,ARTEK,Side Table 915 white lacquered,Table,1930000,전시중,"Designer : Alvar Aalto 
Color : White
Size : W490 x D590 x H590
Frame : Birch, clear lacquer
Shelves : Birch, White lacquer

Made in Finland",Alvar Aalto,W490 x D590 x H590,"Birch, clear lacquer",White,Finland,https://inscale.co.kr/web/product/big/202307/4fd4ed9c8def7c782cde9ff784776e86.jpg,https://inscale.co.kr/product/search.html?keyword=P00000GX,,,P00000GX,,Side Table 915 white lacquered,ARTEK,source_export,product_code,1,,,,,,
B1,B1,ARTEK,Tea Trolley 901 white HPL,Cabinet & Storage,4610000,전시중,"Designer : Alvar Aalto 
Color : White
Size : W900 x D500 x H560
Frame : Birch, clear lacquer
Wheels : MDF, white lacquer
Top and shelf surface : HPL, IKI white
Made in Finland",Alvar Aalto,W900 x D500 x H560,"Birch, clear lacquer",White,Finland,https://inscale.co.kr/web/product/big/202307/f3b90047c71bc4bcb42e75a2b1bf27c1.jpg,https://inscale.co.kr/product/search.html?keyword=P00000GV,,,P00000GV,,Tea Trolley 901 white HPL,ARTEK,source_export,product_code,1,,,,,,
B1,B1,VITRA,Panton Chair White,Chair,620000,전시중,"Designer : Verner Panton 
Color : White 
Finish : Matt finish 
Material : Polypropylene 
Size : W500 x D610 x H440 - 860 
Made in Germany",Verner Panton,W500 x D610 x H440 - 860,Polypropylene,White,Germany,https://inscale.co.kr/web/product/big/202408/b160555f7a4786149ecd47bf50ffa30d.jpg,https://inscale.co.kr/product/search.html?keyword=P00000GK,,,P00000GK,,Panton Chair White,VITRA,source_export,product_code,1,,,,,,
B1,B1,VITRA,Panton Chair Classic Black,Chair,2710000,전시중,"Designer : Verner Panton 
Color : Black 
Finish : Glossy lacquer finish 
Material : Polyurethane foam 
Size : W500 x D610 x H415 - 860 
Made in Germany",Verner Panton,W500 x D610 x H415 - 860,Polyurethane foam,Black,Germany,https://inscale.co.kr/web/product/big/202311/d8e18e6aefc95061d1753e1a227b5360.jpg,https://inscale.co.kr/product/search.html?keyword=P00000GJ,,,P00000GJ,,Panton Chair Classic Black,VITRA,source_export,product_code,1,,,,,,
B1,B1,VITRA,Wiggle Stool,Stool & Bench,960000,전시중,"Designer : Frank Gehry 
Material : Corrugated cardboard, Hardboard
Color : Natural
Size : W400 x D430 x H406
Made in Germany",Frank Gehry,W400 x D430 x H406,"Corrugated cardboard, Hardboard",Natural,Germany,https://inscale.co.kr/web/product/big/202308/6edf5512d1a19ed9551b4cfae3874e70.jpg,https://inscale.co.kr/product/search.html?keyword=P00000DW,,,P00000DW,,Wiggle Stool,VITRA,source_export,product_code,1,,,,,,
B1,B1,VITRA,All Star Chair,Chair,1730000,전시중,"Designer : Konstantin Grcic 
Material : Cover : F.60 Volo - Black, polyamide 
Color : Black , White
Size : W440 x D440 x H530-955
Made in Germany",Konstantin Grcic,W440 x D440 x H530-955,"Cover : F.60 Volo - Black, polyamide","Black , White",Germany,https://inscale.co.kr/web/product/big/202308/d7ce5a04209b0a79368783df9e6adcad.jpg,https://inscale.co.kr/product/search.html?keyword=P00000BP,,,P00000BP,,All Star Chair,VITRA,source_export,product_code,1,,,,,,
B1,B1,VITRA,All Plastic Chair Brick red,Chair,570000,전시중,"Designer : Jasper Morrison 
Material : Polypropylene
Color : Brick red
Size : W425 x D460 x H445-720 
Made in Germany",Jasper Morrison,W425 x D460 x H445-720,Polypropylene,Brick red,Germany,https://inscale.co.kr/web/product/big/202606/c8f3c9984bce4a5b375b76cd0ad39a7c.jpg,https://inscale.co.kr/product/search.html?keyword=P00000BO,,,P00000BO,,All Plastic Chair Brick red,VITRA,source_export,product_code,1,,,,,,
B1,B1,VITRA,All Plastic Chair White,Chair,570000,전시중,"Designer : Jasper Morrison 
Material : Polypropylene
Color : White
Size : W425 x D460 x H445-720 
Made in Germany",Jasper Morrison,W425 x D460 x H445-720,Polypropylene,White,Germany,https://inscale.co.kr/web/product/big/202311/9b28c48fb6657d253a66a5cd26327548.jpg,https://inscale.co.kr/product/search.html?keyword=P00000BN,,,P00000BN,,All Plastic Chair White,VITRA,source_export,product_code,1,,,,,,
B1,B1,VITRA,All Plastic Chair Ivy,Chair,570000,전시중,"Designer : Jasper Morrison 
Material : Polypropylene
Color : Ivory
Size : W425 x D460 x H445-720 
Made in Germany",Jasper Morrison,W425 x D460 x H445-720,Polypropylene,Ivory,Germany,https://inscale.co.kr/web/product/big/202308/23597ac51a5d362a6aaf7caba06d157b.jpg,https://inscale.co.kr/product/search.html?keyword=P00000BM,,,P00000BM,,All Plastic Chair Ivy,VITRA,source_export,product_code,1,,,,,,
B1,B1,ARTEK,Atelier Chair Green lacquered,Chair,960000,전시중,"Designer : TAF Studio 
Material : Solid beech / Beech veneer
Color : Green lacquer
Size : W460 x H470 x H455-780 
Made in Germany",TAF Studio,W460 x H470 x H455-780,Solid beech / Beech veneer,Green lacquer,Germany,https://inscale.co.kr/web/product/big/202308/034b5d55329c0e55831906aa6bf16275.jpg,https://inscale.co.kr/product/search.html?keyword=P00000BH,,,P00000BH,,Atelier Chair Green lacquered,ARTEK,source_export,product_code,1,,,,,,
B1,B1,ARTEK,Atelier Chair Dark red lacquered,Chair,960000,전시중,"Designer : TAF Studio 
Material : Solid beech / Beech veneer
Color : Dark red lacquer
Size : W460 x H780 x H455 - 470
Made in Germany",TAF Studio,W460 x H780 x H455 - 470,Solid beech / Beech veneer,Dark red lacquer,Germany,https://inscale.co.kr/web/product/big/202308/73456da8fc5e9cbdfb08078f10034f6a.jpg,https://inscale.co.kr/product/search.html?keyword=P00000BG,,,P00000BG,,Atelier Chair Dark red lacquered,ARTEK,source_export,product_code,1,,,,,,
B1,B1,VITRA,Cone Chair,Chair,4090000,전시중,"Designer : Verner Panton 
Material : Polyurethane foam, Steel
Color : Black
Size : W570 x D490 x H490-820 
Made in Germany",Verner Panton,W570 x D490 x H490-820,"Polyurethane foam, Steel",Black,Germany,https://inscale.co.kr/web/product/big/202308/9c4f5061d4b4aa658e9719347733d465.jpg,https://inscale.co.kr/product/search.html?keyword=P00000BC,,,P00000BC,,Cone Chair,VITRA,source_export,product_code,1,,,,,,
B1,B1,VITRA,Nuage - L,Product,333000,전시중,"Designer : Ronan & Erwan Bouroullec 
Material : Ceramic, Rubber stoppers. 
Color : Ivory , Matt finish
Size : 195 * 270
Made in Germany",Ronan & Erwan Bouroullec,195 * 270,"Ceramic, Rubber stoppers.","Ivory , Matt finish",Germany,https://inscale.co.kr/web/product/big/202308/ad502756c1a4d0c599dd15144728972d.jpg,https://inscale.co.kr/product/search.html?keyword=P00000BB,,,P00000BB,,Nuage - L,VITRA,source_export,product_code,1,,,,,,
B1,B1,VITRA,Nuage - M,Product,272000,전시중,"Designer : Ronan & Erwan Bouroullec 
Material : Ceramic, Rubber stoppers. 
Color : Ivory , Matt finish
Size : 195 * 160
Made in Germany",Ronan & Erwan Bouroullec,195 * 160,"Ceramic, Rubber stoppers.","Ivory , Matt finish",Germany,https://inscale.co.kr/web/product/big/202308/24060ffae020b04964a07fee6026d088.jpg,https://inscale.co.kr/product/search.html?keyword=P00000BA,,,P00000BA,,Nuage - M,VITRA,source_export,product_code,1,,,,,,
B1,B1,VITRA,Nuage - S,Product,210000,전시중,"Designer : Ronan & Erwan Bouroullec 
Material : Ceramic, Rubber stoppers. 
Color : Ivory , Matt finish
Size : 195 * 80
Made in Germany",Ronan & Erwan Bouroullec,195 * 80,"Ceramic, Rubber stoppers.","Ivory , Matt finish",Germany,https://inscale.co.kr/web/product/big/202308/f445b851ea831175e6735e5c68488f53.jpg,https://inscale.co.kr/product/search.html?keyword=P000000Z,,,P000000Z,,Nuage - S,VITRA,source_export,product_code,1,,,,,,
